latitude,longitude,avg_rating,#cafes,#pubs
37.48990515,-121.929339,3.725,5,0
37.5410387,-121.973263311464,3.925,0,0
37.554347449999995,-122.0175841,4.05,1,0
37.5878915,-122.0203706,3.775,1,1
37.6137072,-122.0879698,3.975,1,1
37.62922025,-122.42408215,3.65,1,2
37.63899715,-122.05365195,3.875,2,0
37.69767005,-122.12251208877049,3.975,0,1
37.69908675,-122.12678869999999,3.9,0,1
37.72035185,-122.15699995,3.5,4,0
37.760800399999994,-122.2508397,3.9,3,1
37.760800399999994,-122.2508397,3.9,3,1
37.762174679404055,-122.248140320427,3.975,2,0
37.760764800000004,-122.16807155000001,4.075,4,1
37.769199400000005,-122.2729134,3.875,3,1
37.7680595,-122.1961163,4.25,1,0
37.769199400000005,-122.26571835,3.875,3,2
37.77227405,-122.16161925,4.075,5,0
37.77227405,-122.1609717,4.025,5,0
37.77499605,-122.27521680000001,3.75,3,1
37.7776181,-122.25456817961299,4.05,3,1
37.7776181,-122.25456817961299,4.05,3,1
37.783831500000005,-122.26628526189,4.025,1,0
37.783831500000005,-122.26628526189,4.025,1,0
37.783967700000005,-122.26628526189,4.05,1,1
37.783967700000005,-122.26628526189,4.075,1,1
37.78740315,-122.19334665,3.775,2,0
37.79028751383915,-122.190213848948,3.675,2,0
37.79208445,-122.2325083923475,4.15,1,0
37.79241265,-122.1999064,3.875,3,0
37.79254815,-122.2347011923475,4.2,3,0
37.79936265,-122.2526285,4.1,6,0
37.80251340021999,-122.21095220000001,4.025,4,1
37.802434000000005,-122.24832950000001,4.025,5,0
37.802434000000005,-122.24832950000001,4.025,5,0
37.801759617298046,-122.274013,4.1,2,1
37.804525637112846,-122.21342,3.925,4,1
37.801759617298046,-122.274013,4.1,2,1
37.80151496470785,-122.27539455,4.1,2,1
37.803613,-122.2410471,4.05,4,0
37.8044355,-122.26244754999999,4.225,3,0
37.8038691,-122.26307324999999,4.275,3,0
37.8049056,-122.2755287018525,4.125,2,1
37.8081563815392,-122.2833213910155,4.175,2,0
37.80844165,-122.2867869,4.125,2,1
37.80609908711285,-122.21727910000001,3.775,2,1
37.80866135,-122.268301510265,4.125,1,0
37.8113254,-122.25923445,4.15,1,0
37.8113254,-122.25923445,4.15,1,0
37.81253675,-122.2565366632295,4.125,1,0
37.8098429,-122.29008479999999,4.125,2,2
37.81253675,-122.256681375525,4.125,1,0
37.8114561,-122.25058501821451,4.05,2,0
37.812682699999996,-122.25601455,4.125,1,0
37.81253675,-122.2569484632295,4.125,1,0
37.812682699999996,-122.25601455,4.125,1,0
37.812682699999996,-122.25601455,4.125,1,0
37.811589852702454,-122.2646277018525,4.1,2,0
37.812682699999996,-122.25601455,4.125,1,0
37.81253675,-122.26078080542,4.15,2,0
37.809962299999995,-122.29008479999999,4.1,1,2
37.812682699999996,-122.252609,4.125,1,0
37.812266750000006,-122.2449661,3.875,1,0
37.813243666542505,-122.268560360265,4.075,4,1
37.812995650000005,-122.24520620000001,3.95,2,0
37.8159816,-122.26221510542,4.125,3,1
37.8159816,-122.26221510542,4.1,4,1
37.816944,-122.255302,4.225,1,0
37.817152899999996,-122.2797947,4.175,3,0
37.8173483600276,-122.25342954999999,4.225,1,0
37.8173483600276,-122.255302,4.2,1,0
37.816622249999995,-122.270768,4.075,4,1
37.818497,-122.2609575004995,4.15,2,1
37.822205350000004,-122.25342954999999,4.125,0,0
37.82170495,-122.251847,4.15,0,0
37.8238545,-122.2845851,4.1,2,1
37.82643825,-122.2525985,4.05,0,0
37.827386168202196,-122.2512600080805,4.075,1,0
37.8266764874747,-122.254616273775,4.05,1,0
37.82538805,-122.2708469,4.05,2,1
37.82640292814915,-122.26919105,4.075,2,1
37.82787375,-122.2756666,4.025,2,0
37.828277261606644,-122.26919105,4.05,1,0
37.835031729233904,-122.231547,4.05,2,1
37.8297350539733,-122.2834265373765,3.95,4,0
37.82917185,-122.2834265373765,4.0,4,0
37.83068715942035,-122.27821715,4.1,4,0
37.83251625,-122.285573946008,3.95,4,0
37.83068715942035,-122.27821715,4.1,4,0
37.8292595,-122.2708469,4.0,1,0
37.83068715942035,-122.27821715,4.1,4,0
37.8315124,-122.2521795029975,4.025,3,0
37.81520125,-121.92014515,3.5,2,1
37.832137849999995,-122.276776993843,4.05,3,1
37.83323795942035,-122.27245335,4.075,1,0
37.8319869600276,-122.253301677085,4.05,2,0
37.83575945,-122.275132157106,4.025,3,0
37.83407826538985,-122.26500849937,4.125,0,0
37.83425120942035,-122.266133675595,4.125,0,0
37.835317950000004,-122.29111975000001,3.825,3,1
37.835317950000004,-122.29111975000001,3.775,3,0
37.83421805942035,-122.26552852559499,4.125,0,0
37.83698085,-122.2799561362305,4.025,3,1
37.8374175,-122.30178415775299,3.725,3,0
37.8374175,-122.30178415775299,3.725,3,0
37.83572520942035,-122.266133675595,4.075,0,0
37.8374175,-122.30196611391,3.625,3,0
37.83825357179475,-122.27200525,4.15,1,0
37.83825357179475,-122.272014739375,4.125,1,0
37.8385163,-122.29462645,3.85,5,1
37.83825357179475,-122.27200525,4.15,1,0
37.8381915,-122.28716815,3.9,3,1
37.8404334,-122.2877287,3.9,4,1
37.8404334,-122.2877287,3.9,4,1
37.8404334,-122.2877287,3.9,4,1
37.8385163,-122.29462645,3.85,5,1
37.8374175,-122.3024267362305,3.575,5,0
37.839844271794746,-122.2800312,4.025,5,1
37.8404543,-122.2800312,4.025,5,1
37.840299857177456,-122.2733253,4.15,1,0
37.8412952117049,-122.29462645,3.875,5,1
37.8437708686342,-122.2842732,3.95,5,1
37.8437708686342,-122.2842732,3.95,5,1
37.841904456680254,-122.2796794131105,4.1,6,1
37.841409819637946,-122.26766190000001,4.2,1,0
37.841726550000004,-122.294764,3.875,4,1
37.8437708686342,-122.2842732,3.95,5,1
37.8429273,-122.256607839375,3.95,1,2
37.841409819637946,-122.26766190000001,4.2,1,0
37.84309965,-122.2851865,3.9,5,1
37.84439015668025,-122.2776204131105,4.1,6,1
37.84439015668025,-122.2776204131105,4.1,6,1
37.84439015668025,-122.2776204131105,4.1,5,1
37.8457526,-122.280275625595,4.05,6,1
37.843844250000004,-122.291521,3.9,3,1
37.8349957,-122.22206713016351,3.65,2,0
37.8454149,-122.2741626,4.175,3,0
37.8454149,-122.26957260099249,4.15,3,0
37.8452568539733,-122.2884742,3.925,4,1
37.8456351,-122.26957260099249,4.1,4,0
37.8452568539733,-122.2884742,3.925,4,1
37.8457526,-122.281567336757,4.0,6,1
37.8457526,-122.28183057372,4.0,5,1
37.845551150000006,-122.2884742,3.95,4,1
37.845755,-122.2619996493795,4.0,2,1
37.8453401039733,-122.288867,3.95,4,1
37.84624585,-122.26967389999999,4.1,4,0
37.846852309420356,-122.275575119623,4.05,5,0
37.846852309420356,-122.275575119623,4.05,5,0
37.8463408,-122.26737345000001,4.125,2,1
37.846852309420356,-122.27513135,4.05,4,0
37.847558009420354,-122.26957260099249,4.075,4,0
37.846852309420356,-122.275575119623,4.05,5,0
37.846852309420356,-122.27513135,4.05,4,0
37.845616322717504,-122.2469040301635,3.975,0,2
37.846852309420356,-122.27513135,4.05,4,0
37.847558009420354,-122.26967389999999,4.125,4,0
37.846852309420356,-122.27513135,4.05,4,0
37.84623425,-122.28855250000001,3.95,4,1
37.848007256071355,-122.27006094999999,4.075,4,0
37.848007256071355,-122.27006094999999,4.075,4,0
37.8457526,-122.281567336757,4.0,5,1
37.8457526,-122.281567336757,4.0,5,1
37.848007256071355,-122.27006094999999,4.025,3,0
37.8503349,-122.2659776493795,4.0,3,1
37.8474901,-122.27965845,4.0,5,1
37.846852309420356,-122.275575119623,4.05,5,0
37.848007256071355,-122.27513135,4.025,4,0
37.8481074,-122.275575119623,4.0,5,0
37.84907015,-122.26957260099249,4.0,4,0
37.84907015,-122.26957260099249,4.0,4,0
37.8474755,-122.2862391,4.025,5,1
37.849262346651,-122.275575119623,4.0,5,0
37.8474901,-122.27965845,4.0,5,1
37.849457946651,-122.27555805,4.0,5,0
37.84907015,-122.26957260099249,4.0,4,0
37.848007256071355,-122.27221825,4.075,3,0
37.84907015,-122.26957260099249,4.0,4,0
37.84907015,-122.26957260099249,4.0,4,0
37.849262346651,-122.27675785,4.025,5,0
37.84907015,-122.26957260099249,4.0,4,0
37.84907015,-122.26957260099249,4.0,4,0
37.849262346651,-122.27675785,4.025,5,0
37.849457946651,-122.27221825,4.025,3,0
37.849262346651,-122.275575119623,4.0,5,0
37.849457946651,-122.27221825,4.025,3,0
37.8561942,-122.15344831817649,3.775,2,0
37.849457946651,-122.275575119623,4.0,5,0
37.849262346651,-122.27675785,4.025,5,0
37.849457946651,-122.26957260099249,4.0,3,0
37.849457946651,-122.275575119623,4.0,5,0
37.849457946651,-122.27555805,3.975,5,0
37.849457946651,-122.27221825,4.025,3,0
37.849457946651,-122.27006094999999,4.025,3,0
37.849457946651,-122.27221825,4.025,3,0
37.849262346651,-122.275575119623,4.0,5,0
37.84907015,-122.2684378591795,4.0,3,1
37.850722696651005,-122.266145158559,4.0,3,1
37.849457946651,-122.26957260099249,4.0,3,0
37.849262346651,-122.275575119623,4.0,5,0
37.849457946651,-122.275575119623,4.0,5,0
37.849457946651,-122.275575119623,4.0,5,0
37.849457946651,-122.275575119623,4.0,5,0
37.849457946651,-122.27006094999999,4.025,3,0
37.8478036,-122.2814388,4.0,4,0
37.850575449999994,-122.25903875,4.025,2,2
37.8478036,-122.28183057372,4.025,5,0
37.850722696651005,-122.266145158559,4.0,3,1
37.8481074,-122.280262363037,4.025,5,0
37.849262346651,-122.27689085,3.975,6,0
37.849457946651,-122.27513135,4.0,4,0
37.850121496651,-122.26957260099249,3.975,4,0
37.849262346651,-122.27689085,3.975,6,0
37.849262346651,-122.275708119623,3.975,5,0
37.849262346651,-122.275708119623,3.975,5,0
37.849262346651,-122.275708119623,3.975,5,0
37.849457946651,-122.275708119623,3.975,5,0
37.8478036,-122.2814388,4.0,4,0
37.849457946651,-122.27221825,4.025,3,0
37.850207943940106,-122.2862391,4.1,7,0
37.849457946651,-122.275708119623,3.975,5,0
37.850722696651005,-122.266145158559,4.0,3,1
37.849457946651,-122.27221825,4.025,3,0
37.849457946651,-122.275575119623,4.0,5,0
37.849457946651,-122.275575119623,3.975,4,0
37.849262346651,-122.28010555,4.025,5,0
37.849457946651,-122.275708119623,3.95,5,0
37.84998965,-122.25886365,3.95,2,2
37.84965425,-122.2862391,4.05,6,0
37.84998965,-122.25886365,3.95,2,2
37.84998965,-122.25886365,3.95,2,2
37.849457946651,-122.275708119623,3.975,5,0
37.8506369,-122.26085325,4.0,3,1
37.849457946651,-122.275708119623,3.95,5,0
37.849457946651,-122.27221825,4.025,3,0
37.849262346651,-122.27965845,3.975,6,0
37.849457946651,-122.275708119623,3.975,5,0
37.849457946651,-122.275708119623,3.95,5,0
37.849457946651,-122.275708119623,3.95,5,0
37.849457946651,-122.275708119623,3.95,4,0
37.8503349,-122.2659776493795,4.0,3,1
37.849457946651,-122.275708119623,3.975,5,0
37.849457946651,-122.2769665,3.975,6,0
37.850207943940106,-122.2862391,4.1,7,0
37.84965425,-122.2852648,4.0,5,0
37.849457946651,-122.27221825,4.025,3,0
37.84965425,-122.2862391,4.05,6,0
37.849457946651,-122.27221825,4.025,3,0
37.84965425,-122.2862391,4.05,6,0
37.849457946651,-122.27221825,4.025,3,0
37.849457946651,-122.275708119623,3.95,4,0
37.849457946651,-122.27221825,4.025,3,0
37.849457946651,-122.275708119623,4.0,3,0
37.849457946651,-122.27221825,4.025,3,0
37.849457946651,-122.275708119623,4.0,3,0
37.849457946651,-122.275708119623,4.0,3,0
37.849457946651,-122.275708119623,4.0,3,0
37.849457946651,-122.275708119623,4.0,3,0
37.849457946651,-122.275708119623,4.0,3,0
37.849457946651,-122.27221825,4.025,3,0
37.849457946651,-122.27221825,4.025,3,0
37.85184701714675,-122.25622675,3.95,2,3
37.85184701714675,-122.25622355,3.95,2,3
37.84965425,-122.28059075,4.025,5,0
37.850121496651,-122.27221825,4.0,3,0
37.85184701714675,-122.25618510000001,3.95,2,3
37.850722696651005,-122.266145158559,4.0,3,1
37.850722696651005,-122.266145158559,4.0,3,1
37.850121496651,-122.275708119623,3.95,4,0
37.849457946651,-122.275708119623,4.0,3,0
37.85184701714675,-122.2564802,3.95,2,2
37.85139635,-122.2862391,4.1,6,1
37.8504425,-122.28010555,4.025,5,0
37.849457946651,-122.2769665,3.975,6,0
37.8512954,-122.2862391,4.1,6,1
37.849457946651,-122.2769665,3.975,6,0
37.850121496651,-122.27221825,4.0,3,0
37.8504425,-122.28010555,4.025,5,0
37.849457946651,-122.275783769623,3.95,5,0
37.85230407418105,-122.2560335,3.95,2,3
37.8512954,-122.28268292372,4.025,4,1
37.849457946651,-122.275708119623,4.0,3,0
37.85184701714675,-122.25622675,3.95,2,3
37.850121496651,-122.275708119623,3.975,4,0
37.850121496651,-122.27221825,4.0,3,0
37.84984985,-122.27965845,4.0,6,0
37.849457946651,-122.275783769623,4.0,5,0
37.850121496651,-122.275708119623,3.975,4,0
37.85139635,-122.2862391,4.1,6,1
37.8504425,-122.27965845,3.975,6,0
37.8504425,-122.27965845,3.975,6,0
37.85230407418105,-122.25622675,3.95,3,3
37.8504425,-122.27965845,3.975,6,0
37.850121496651,-122.275708119623,3.975,4,0
37.85139635,-122.2862391,4.1,6,1
37.849457946651,-122.275783769623,4.0,5,0
37.8504425,-122.27965845,3.975,6,0
37.85215315,-122.27221825,4.025,3,0
37.8512954,-122.28010555,4.025,5,1
37.850121496651,-122.275783769623,3.95,5,0
37.850121496651,-122.275783769623,3.95,5,0
37.850121496651,-122.275708119623,3.975,3,0
37.850121496651,-122.275708119623,3.975,4,0
37.8505134,-122.2780991,3.975,6,0
37.85139635,-122.2862391,4.125,6,1
37.8512954,-122.2829720993795,4.125,6,1
37.8536618,-122.2862391,4.1,6,1
37.85230407418105,-122.25612995,3.95,2,3
37.85215315,-122.27221825,4.025,3,0
37.850121496651,-122.275708119623,3.975,3,0
37.8532118,-122.26085325,4.025,3,1
37.85230407418105,-122.25622675,3.95,3,3
37.85139635,-122.2862391,4.125,6,1
37.846919299999996,-122.23232949999999,4.1,2,1
37.851024696650995,-122.2659776493795,4.0,3,1
37.85245515,-122.26568847371999,4.0,3,1
37.85139635,-122.2862391,4.125,6,1
37.8527804,-122.275783769623,3.975,6,0
37.8532118,-122.25927875,4.0,2,1
37.850121496651,-122.275783769623,3.925,5,0
37.85230407418105,-122.25612995,3.95,2,3
37.85228915,-122.26085325,4.05,3,1
37.85215315,-122.27221825,4.025,3,0
37.85215315,-122.27221825,4.025,3,0
37.85253526714675,-122.25185305,3.925,2,2
37.85297235,-122.2862391,4.1,6,1
37.85230407418105,-122.25622675,3.95,3,3
37.8527095,-122.2862391,4.125,7,1
37.8512954,-122.2829720993795,4.125,6,1
37.85230407418105,-122.25612995,3.95,2,3
37.8536618,-122.2862391,4.125,6,1
37.8536618,-122.2862391,4.125,6,1
37.850121496651,-122.275783769623,3.975,5,0
37.8533778,-122.2608549983635,4.05,3,1
37.85230407418105,-122.25612995,3.95,2,3
37.85230407418105,-122.25612995,3.95,2,3
37.8533778,-122.2608549983635,4.05,3,1
37.853785450000004,-122.2659776493795,4.0,3,1
37.8533778,-122.2608549983635,4.05,3,1
37.85245515,-122.26164523682101,4.05,3,1
37.8532665,-122.2608549983635,4.025,3,1
37.85155195,-122.27235125,3.975,3,0
37.8532665,-122.2608549983635,4.025,3,1
37.853785450000004,-122.2659776493795,4.0,3,1
37.85230407418105,-122.25622675,3.95,3,3
37.8536618,-122.2862391,4.125,6,1
37.8542855,-122.2862391,4.125,7,1
37.846919299999996,-122.23236715,4.175,1,1
37.85230407418105,-122.25622675,3.95,3,3
37.8532665,-122.25948924836351,3.975,2,1
37.8542855,-122.282216034215,4.125,7,1
37.8532118,-122.2592126,4.0,3,1
37.85245515,-122.261790184215,4.025,3,1
37.853381600000006,-122.275783769623,4.0,4,0
37.8533778,-122.26093165,3.975,3,1
37.853381600000006,-122.275708119623,4.0,4,0
37.8542855,-122.28071595,4.1,7,1
37.8533778,-122.26525505000001,3.975,3,1
37.8542855,-122.2862391,4.125,7,1
37.853785450000004,-122.2659776493795,4.0,3,1
37.8542855,-122.2862391,4.125,7,1
37.853785450000004,-122.2659776493795,4.0,3,1
37.85265566714675,-122.25622675,3.95,3,2
37.8542855,-122.2806508,4.05,6,1
37.853721300000004,-122.2862391,4.125,6,1
37.8542855,-122.27722745,4.05,5,1
37.8542855,-122.27705835,4.025,6,0
37.853381600000006,-122.275783769623,4.0,5,0
37.853381600000006,-122.275783769623,4.0,5,0
37.8531263081895,-122.258899520836,3.975,3,2
37.8542855,-122.2806508,4.05,6,1
37.85265566714675,-122.25622675,3.95,3,2
37.8533778,-122.26525505000001,3.975,3,1
37.85215315,-122.27235125,4.025,3,0
37.8533778,-122.26170458421501,4.0,3,1
37.846919299999996,-122.23236905,4.175,1,0
37.8542855,-122.2806508,4.05,6,1
37.846919299999996,-122.23236905,4.175,1,0
37.8542855,-122.2806508,4.05,6,1
37.8532118,-122.26093165,3.975,3,1
37.853785450000004,-122.26093165,4.0,3,1
37.85266065,-122.25622675,3.975,3,2
37.8542855,-122.27722745,4.05,5,1
37.8533778,-122.26564682372,4.0,3,1
37.853785450000004,-122.26093165,4.0,3,1
37.853785450000004,-122.26093165,4.0,3,1
37.853785450000004,-122.2659776493795,4.025,3,1
37.8527282,-122.25279875000001,3.975,3,2
37.853785450000004,-122.2659776493795,4.025,3,1
37.8542855,-122.2806508,4.05,6,1
37.853381600000006,-122.275783769623,4.0,4,0
37.8537902,-122.2592126,4.0,3,1
37.8527282,-122.25279875000001,3.975,3,2
37.853381600000006,-122.275783769623,4.0,4,0
37.85215315,-122.2697139,4.05,3,0
37.853381600000006,-122.275708119623,4.0,4,0
37.8539015,-122.26093165,4.0,4,1
37.853785450000004,-122.2659776493795,4.025,3,1
37.853785450000004,-122.26593599937951,4.0,3,1
37.8542855,-122.2787388,4.075,5,1
37.8537902,-122.2592126,4.0,3,1
37.8537902,-122.2594875,4.0,3,1
37.853785450000004,-122.2659776493795,4.025,3,1
37.85253526714675,-122.25185305,3.95,2,1
37.853785450000004,-122.26936905,4.05,4,0
37.853785450000004,-122.26936905,4.05,4,0
37.853785450000004,-122.26936905,4.05,4,0
37.8549723,-122.27722745,4.05,4,1
37.8542855,-122.28039670000001,4.1,6,1
37.853785450000004,-122.26936905,4.0,3,0
37.853785450000004,-122.26936905,4.0,3,0
37.8542855,-122.28039670000001,4.1,6,1
37.8527282,-122.25279875000001,3.975,3,2
37.85245515,-122.26593599937951,4.0,3,0
37.8539015,-122.2596479983635,4.025,3,1
37.8527282,-122.25279875000001,3.975,3,2
37.853785450000004,-122.26170458421501,4.025,3,1
37.853785450000004,-122.26936905,4.05,4,0
37.853381600000006,-122.27705835,4.05,3,0
37.853785450000004,-122.26170458421501,4.025,3,1
37.853785450000004,-122.26936905,4.05,4,0
37.8537902,-122.2594875,4.0,3,1
37.853381600000006,-122.2705409,4.075,3,0
37.853785450000004,-122.26593599937951,4.0,3,1
37.85610595,-122.26593599937951,4.025,3,1
37.8550139,-122.2769827,4.05,3,0
37.85610595,-122.26593599937951,3.975,3,0
37.8550139,-122.275708119623,4.0,4,0
37.8527282,-122.25279875000001,3.975,3,2
37.85610595,-122.26593599937951,3.975,3,0
37.85610595,-122.26593599937951,4.025,3,1
37.853785450000004,-122.26936905,4.05,4,0
37.853785450000004,-122.26217147372,4.025,3,1
37.853785450000004,-122.26936905,4.05,4,0
37.8540962,-122.25927875,4.0,3,1
37.8527282,-122.25279875000001,3.975,3,2
37.853785450000004,-122.26936905,4.025,3,0
37.853785450000004,-122.26170458421501,4.0,3,1
37.85610595,-122.26593599937951,3.975,3,0
37.854403458189495,-122.25279875000001,3.95,3,2
37.85271535,-122.25279875000001,3.975,3,1
37.85447365,-122.27317825,4.075,3,0
37.853785450000004,-122.26170458421501,4.025,4,1
37.855039500000004,-122.26170458421501,4.0,4,1
37.854403458189495,-122.25279875000001,3.95,3,2
37.854676850000004,-122.2863635,4.125,4,1
37.8550139,-122.2769827,4.05,3,0
37.85477564999999,-122.26593599937951,4.025,3,0
37.8551442,-122.27724495000001,4.075,4,1
37.85477564999999,-122.2626957493795,4.025,3,0
37.853785450000004,-122.26170458421501,4.025,4,1
37.8550139,-122.275708119623,4.0,4,0
37.855039500000004,-122.26170458421501,4.0,4,1
37.8550139,-122.275708119623,4.025,3,0
37.855039500000004,-122.26170458421501,4.0,4,1
37.8551442,-122.2862391,4.15,5,1
37.85610595,-122.2705409,4.075,3,0
37.85610595,-122.26936905,4.075,3,0
37.85271535,-122.25185305,3.9,2,1
37.8542855,-122.2862391,4.125,6,1
37.85610595,-122.2693274,4.0,2,0
37.853785450000004,-122.2693274,4.025,2,0
37.853785450000004,-122.26170458421501,4.025,4,1
37.853785450000004,-122.26936905,4.05,3,0
37.85496241469255,-122.2607898483635,4.025,3,1
37.8549723,-122.27722745,4.075,4,1
37.853785450000004,-122.26936905,4.05,3,0
37.8549723,-122.27722745,4.075,4,1
37.853785450000004,-122.26170458421501,4.025,4,1
37.85395065,-122.25270515,3.975,2,2
37.85395065,-122.25270515,3.975,2,2
37.85395065,-122.25270515,3.975,2,2
37.856471850000005,-122.25964625,4.05,3,1
37.856745200000006,-122.2655824993795,4.025,2,0
37.855039500000004,-122.26170458421501,4.0,4,1
37.85610595,-122.2626957493795,4.025,3,0
37.8544762117049,-122.2868511,4.075,4,1
37.853785450000004,-122.26170458421501,4.025,4,1
37.85395065,-122.25270515,3.975,2,2
37.85523951963795,-122.27722745,4.05,3,1
37.85523951963795,-122.27722745,4.05,3,1
37.853785450000004,-122.26936905,4.05,3,0
37.85658025,-122.25561075,4.0,2,0
37.85610595,-122.2769827,4.075,3,0
37.85523951963795,-122.27705835,4.075,3,0
37.85610595,-122.26170458421501,4.025,3,0
37.849873599999995,-122.24025524999999,4.15,1,0
37.85610595,-122.26170458421501,4.025,3,0
37.85523951963795,-122.27722745,4.05,3,1
37.85658025,-122.25561075,4.0,2,0
37.85523951963795,-122.27722745,4.05,3,1
37.85271535,-122.25183665,3.925,2,1
37.856745200000006,-122.2652150493795,4.025,2,0
37.85523951963795,-122.27776215,4.075,3,1
37.853785450000004,-122.2693274,4.025,2,0
37.856745200000006,-122.2626957493795,4.025,2,0
37.856745200000006,-122.2693274,4.025,2,0
37.8571973,-122.2655824993795,4.025,3,0
37.85610595,-122.26170458421501,4.025,3,0
37.856745200000006,-122.2693274,4.025,2,0
37.855411419637946,-122.27722745,4.075,3,1
37.856331569637945,-122.2693274,4.025,2,0
37.857896249999996,-122.26170458421501,4.0,3,0
37.85799325,-122.26170458421501,4.0,3,0
37.85523951963795,-122.27722745,4.05,3,1
37.85610595,-122.26170458421501,4.025,3,0
37.856745200000006,-122.26193968421501,4.025,3,0
37.85799325,-122.26170458421501,4.025,3,0
37.85610595,-122.26170458421501,4.025,3,0
37.855411419637946,-122.27777965,4.075,3,1
37.85610595,-122.26170458421501,4.025,3,0
37.856137000000004,-122.290229569355,4.1,4,1
37.8561582,-122.261790184215,4.025,3,0
37.856137000000004,-122.289514119355,4.1,4,1
37.8580705,-122.26170458421501,4.025,3,0
37.856745200000006,-122.26193968421501,4.025,3,0
37.8551442,-122.28077135000001,4.175,6,1
37.85720995,-122.25270515,4.0,2,0
37.855411419637946,-122.27722745,4.075,3,1
37.85733516469255,-122.2607898483635,4.05,2,0
37.8580705,-122.26170458421501,4.025,3,0
37.8561582,-122.261790184215,4.025,3,0
37.846919299999996,-122.232682574243,4.075,2,0
37.856745200000006,-122.26193968421501,4.025,3,0
37.8580705,-122.26170458421501,4.025,3,0
37.8561582,-122.26170458421501,4.05,3,0
37.856745200000006,-122.26193968421501,4.025,3,0
37.856745200000006,-122.26193968421501,4.025,3,0
37.856745200000006,-122.26193968421501,4.025,3,0
37.8561582,-122.26170458421501,4.05,3,0
37.85658025,-122.25927875,4.025,2,0
37.8551442,-122.28039670000001,4.15,5,1
37.85733516469255,-122.2596479983635,4.05,2,0
37.85796486469255,-122.2596479983635,4.05,2,0
37.85733516469255,-122.2596479983635,4.05,2,0
37.8572495532337,-122.264458984215,4.025,3,0
37.85796486469255,-122.2596479983635,4.05,2,0
37.85658025,-122.2521815,3.925,2,0
37.8572758,-122.25964625,4.025,2,0
37.85658025,-122.25270515,3.975,2,0
37.857475172871645,-122.2732539,4.075,4,0
37.8580705,-122.26170458421501,4.05,3,0
37.855411419637946,-122.28077135000001,4.175,5,1
37.8587002,-122.26093165,4.025,3,0
37.85266065,-122.25179499999999,3.975,1,1
37.857475172871645,-122.2732539,4.075,4,0
37.8569217186342,-122.2856556009925,4.15,6,1
37.85802357335905,-122.27317825,4.1,4,0
37.855411419637946,-122.27885485,4.175,4,1
37.858249192997,-122.2732539,4.1,4,0
37.85266065,-122.25179499999999,3.975,1,1
37.858249192997,-122.2732539,4.1,4,0
37.8569217186342,-122.2856556009925,4.15,6,1
37.85814856469255,-122.25948924836351,4.05,2,0
37.85796486469255,-122.2596479983635,4.05,2,0
37.8576635386164,-122.2693274,4.0,3,0
37.858249192997,-122.2732539,4.075,4,0
37.8572758,-122.25270515,3.975,2,0
37.856331569637945,-122.27776215,4.125,3,1
37.85266065,-122.25183665,3.95,2,1
37.857422919637955,-122.27776215,4.125,4,1
37.857475172871645,-122.2693274,4.0,3,0
37.857422919637955,-122.27776215,4.125,4,1
37.857475172871645,-122.27722745,4.1,4,1
37.8569217186342,-122.2863635,4.125,5,1
37.857461959591504,-122.289514119355,4.1,5,1
37.8569217186342,-122.281609434215,4.125,6,1
37.85791006963795,-122.2693274,4.05,3,0
37.855411419637946,-122.27883735,4.175,4,1
37.858883899999995,-122.2608665,4.0,2,0
37.85658025,-122.25270515,3.975,2,0
37.858883899999995,-122.2608665,4.025,2,0
37.85658025,-122.25185305,3.95,2,0
37.858883899999995,-122.2608665,4.025,2,0
37.85814856469255,-122.25948924836351,4.05,2,0
37.857475172871645,-122.2693274,4.0,3,0
37.8572758,-122.25270515,3.975,2,0
37.85697081963795,-122.27776215,4.125,3,1
37.858883899999995,-122.25972465000001,4.0,2,0
37.858883899999995,-122.2608665,4.025,2,0
37.8569217186342,-122.28077135000001,4.125,6,1
37.859596749999994,-122.2693274,4.0,3,0
37.8591618532337,-122.262020008458,4.05,4,0
37.85138867923391,-122.2469577,4.025,1,1
37.859596749999994,-122.264458984215,4.025,3,0
37.8591618532337,-122.262020008458,4.05,4,0
37.846919299999996,-122.2327692,4.125,2,0
37.858249192997,-122.2732539,4.075,4,0
37.858249192997,-122.2732539,4.1,4,0
37.85658025,-122.25183665,4.0,2,0
37.85814856469255,-122.2523767,4.0,2,0
37.8598956932893,-122.264458984215,4.05,3,0
37.8598956932893,-122.264458984215,4.05,3,0
37.858249192997,-122.2693274,4.025,2,0
37.859596749999994,-122.264426334215,4.05,3,0
37.8569217186342,-122.2856556009925,4.15,6,1
37.86028962335905,-122.2693274,4.025,2,0
37.85993587335905,-122.2693274,4.025,2,0
37.85843476963795,-122.2732539,4.1,4,1
37.85658025,-122.25179499999999,4.025,1,0
37.8587002,-122.26170458421501,4.05,3,0
37.858883899999995,-122.26170458421501,4.025,2,0
37.859596749999994,-122.264426334215,4.05,3,0
37.85993587335905,-122.264826434215,4.075,3,0
37.858249192997,-122.2701544,4.1,4,0
37.85993587335905,-122.2693274,4.05,2,0
37.85938245,-122.289514119355,4.125,5,1
37.8598956932893,-122.264458984215,4.05,3,0
37.85814856469255,-122.2523767,4.0,2,0
37.85843476963795,-122.27705835,4.15,4,1
37.859424250000004,-122.25972465000001,4.025,2,0
37.8591618532337,-122.262020008458,4.05,4,0
37.858249192997,-122.27722745,4.15,4,1
37.858249192997,-122.27722745,4.15,4,1
37.85796486469255,-122.25185305,4.0,2,0
37.85814856469255,-122.2523767,4.0,2,0
37.85658025,-122.25179499999999,4.025,1,0
37.85658025,-122.25179499999999,4.025,1,0
37.870124000000004,-122.15662900000001,3.725,1,1
37.85658025,-122.25179499999999,4.025,1,0
37.859424250000004,-122.25972465000001,4.0,2,0
37.859596749999994,-122.264426334215,4.05,3,0
37.85814856469255,-122.25183665,4.025,2,0
37.8569217186342,-122.2796295,4.2,6,1
37.859653726708046,-122.25972465000001,3.975,2,0
37.85843476963795,-122.27705835,4.15,4,1
37.859424250000004,-122.25972465000001,4.025,2,0
37.85814856469255,-122.2523767,4.0,2,0
37.858490419637945,-122.2732539,4.125,4,1
37.858446206680256,-122.27902995,4.2,6,1
37.859424250000004,-122.25270515,3.95,2,0
37.85799410668025,-122.27940459999999,4.225,6,1
37.85959705,-122.25270515,3.975,2,0
37.85945805668025,-122.27722745,4.15,4,2
37.8598956932893,-122.264426334215,4.05,2,0
37.8598956932893,-122.264426334215,4.05,2,0
37.85959705,-122.25270515,3.975,2,0
37.8598956932893,-122.264426334215,4.05,2,0
37.85959705,-122.25972465000001,4.025,2,0
37.860128599999996,-122.2523767,3.95,2,0
37.859653726708046,-122.25972465000001,3.975,2,0
37.8587081227175,-122.2523767,3.975,2,0
37.859424250000004,-122.25972465000001,4.0,2,0
37.859424250000004,-122.25972465000001,4.0,2,0
37.8592724800393,-122.27827625,4.175,5,1
37.85959705,-122.25972465000001,4.025,2,0
37.8592724800393,-122.27902995,4.225,6,1
37.859653726708046,-122.25972465000001,4.025,1,0
37.8591618532337,-122.262020008458,4.05,3,0
37.859921118634205,-122.2796295,4.2,6,1
37.857461959591504,-122.281609434215,4.125,7,1
37.8592724800393,-122.27827625,4.175,5,1
37.857461959591504,-122.281609434215,4.125,7,1
37.8604467,-122.2562657,3.975,2,0
37.860128599999996,-122.2523767,3.95,2,0
37.860128599999996,-122.2523767,3.95,2,0
37.860128599999996,-122.2523767,3.95,2,0
37.86018527670805,-122.25972465000001,4.0,2,0
37.8599508,-122.26193968421501,4.025,2,0
37.86018527670805,-122.2523767,3.975,2,0
37.86048968061755,-122.2562657,3.975,2,0
37.86053085,-122.2732539,4.075,3,1
37.85990305,-122.25972465000001,4.025,1,0
37.8592724800393,-122.27902995,4.225,6,1
37.859099706680254,-122.281609434215,4.125,7,1
37.860249443289305,-122.264426334215,4.05,2,0
37.86048968061755,-122.2562657,3.975,2,0
37.8611221,-122.25236029999999,3.95,2,0
37.85945805668025,-122.27795474999999,4.15,4,2
37.85945805668025,-122.27795474999999,4.15,4,2
37.8604467,-122.2562657,3.975,2,0
37.86078823187335,-122.29435084673901,4.025,5,1
37.8604467,-122.2562657,3.975,2,0
37.860249443289305,-122.264426334215,4.025,1,0
37.8592724800393,-122.27827625,4.175,5,1
37.8611221,-122.25236029999999,3.95,2,0
37.86053085,-122.2693274,4.075,2,1
37.85945805668025,-122.27795474999999,4.15,4,2
37.86053085,-122.2732539,4.075,3,1
37.85945805668025,-122.27795474999999,4.15,4,2
37.860282587610754,-122.262020008458,4.025,2,0
37.86000747670805,-122.262020008458,4.025,2,0
37.86054040668025,-122.2796295,4.225,6,1
37.86081195668025,-122.2796295,4.175,5,1
37.86190285,-122.2857569,4.1,6,1
37.86048968061755,-122.2562657,3.975,2,0
37.8611221,-122.25236029999999,3.95,2,0
37.8610379,-122.25236029999999,4.0,2,0
37.8610379,-122.25236029999999,3.975,2,0
37.86108088061755,-122.25624930000001,4.0,2,0
37.86054040668025,-122.2790961,4.2,6,1
37.86053085,-122.2732539,4.075,3,1
37.860434600000005,-122.2604911,4.025,1,0
37.86108088061755,-122.25624930000001,4.0,2,0
37.86053085,-122.2732539,4.075,3,1
37.8621576,-122.25231865,3.95,1,0
37.8622003,-122.25231865,3.925,1,0
37.8617798,-122.2732539,4.1,3,1
37.86211638061755,-122.25972465000001,4.025,1,0
37.8616116,-122.2605795,4.05,2,0
37.86211638061755,-122.25972465000001,4.025,1,0
37.8616116,-122.25972465000001,4.05,1,0
37.86108088061755,-122.25624930000001,4.0,2,0
37.860876149999996,-122.27790006744,4.125,3,2
37.8621576,-122.25231865,3.975,1,0
37.861302800000004,-122.2857569,4.075,7,1
37.86187725,-122.289514119355,4.05,6,1
37.862140249999996,-122.2865839,4.1,6,2
37.86078823187335,-122.29435084673901,4.075,5,1
37.86189916238105,-122.293318569355,4.075,5,2
37.860876149999996,-122.27790006744,4.125,3,2
37.86189916238105,-122.293318569355,4.075,5,2
37.86108088061755,-122.25624930000001,4.0,2,0
37.860905900000006,-122.264426334215,4.05,1,0
37.86193903187335,-122.293318569355,4.075,5,2
37.862140249999996,-122.2865839,4.1,6,2
37.86189916238105,-122.293318569355,4.075,5,2
37.86186375,-122.2732714,4.125,3,1
37.8621251,-122.27339181744,4.125,3,1
37.86193903187335,-122.293318569355,4.075,5,2
37.8622003,-122.25231865,3.925,1,0
37.86187725,-122.289514119355,4.05,6,1
37.86188565,-122.264426334215,4.05,1,0
37.8622003,-122.25231865,3.925,1,0
37.86189916238105,-122.293318569355,4.075,5,2
37.86187725,-122.289514119355,4.1,6,1
37.8622003,-122.25231865,3.95,1,0
37.86117995,-122.264426334215,4.05,1,1
37.86211638061755,-122.25620765,4.0,1,0
37.86187725,-122.290229569355,4.075,5,1
37.8621576,-122.25231865,3.975,1,0
37.86193903187335,-122.29435084673901,4.1,5,1
37.8621251,-122.27795474999999,4.125,3,2
37.8616116,-122.264426334215,4.05,1,0
37.86126123943035,-122.265179934215,4.1,2,1
37.8619623,-122.27256481744,4.1,2,2
37.86187725,-122.290229569355,4.075,5,1
37.8621576,-122.25620765,3.975,1,0
37.86189916238105,-122.293318569355,4.075,5,2
37.86196875,-122.29435084673901,4.075,5,1
37.86187725,-122.290229569355,4.075,5,1
37.86164323943035,-122.264458984215,4.125,2,1
37.8621744,-122.281296974363,4.2,5,1
37.8616116,-122.264426334215,4.05,1,0
37.8622003,-122.25620765,3.95,1,0
37.8621251,-122.27339181744,4.125,3,1
37.86251104417765,-122.2865839,4.05,7,1
37.8632028508473,-122.26057142424301,4.025,1,0
37.8621576,-122.25620765,3.975,1,0
37.86193903187335,-122.293318569355,4.075,5,2
37.8621251,-122.27339181744,4.1,3,1
37.8621576,-122.25620765,3.975,1,0
37.8616116,-122.264426334215,4.05,1,0
37.8622003,-122.25620765,3.95,1,0
37.8621251,-122.27795474999999,4.125,3,2
37.8621576,-122.25620765,3.975,1,0
37.8621576,-122.25620765,3.975,1,0
37.8622003,-122.25231865,3.95,1,0
37.862140249999996,-122.2865839,4.1,6,2
37.862140249999996,-122.28898989999999,4.1,6,1
37.8622003,-122.25231865,3.95,1,0
37.86188565,-122.264426334215,4.075,1,1
37.862161799999996,-122.26921891744,4.075,2,2
37.86251104417765,-122.2865839,4.05,7,1
37.8621744,-122.2783911,4.125,4,2
37.8622638,-122.25644965000001,4.025,1,0
37.863499743812994,-122.26267010000001,4.025,1,0
37.8621251,-122.27339181744,4.125,3,1
37.8622638,-122.25644965000001,4.025,1,0
37.8633837,-122.2865839,4.025,7,1
37.86187725,-122.290229569355,4.075,5,1
37.86196875,-122.293318569355,4.1,5,2
37.86187725,-122.289514119355,4.1,6,1
37.86211638061755,-122.25620765,4.0,1,0
37.86189916238105,-122.293318569355,4.075,5,2
37.86189916238105,-122.293318569355,4.075,5,2
37.862161799999996,-122.27339181744,4.075,3,1
37.8622003,-122.25620765,3.95,1,0
37.8622003,-122.25620765,3.95,1,0
37.8622003,-122.25231865,3.95,1,0
37.86188565,-122.26306615,4.05,1,0
37.862176067066954,-122.264458984215,4.1,1,1
37.8622003,-122.25231865,3.95,1,0
37.86211638061755,-122.25620765,4.0,1,0
37.86188565,-122.26307385000001,4.05,1,1
37.86263625,-122.27806960000001,4.1,3,2
37.862747049999996,-122.25659915,4.025,1,0
37.8622003,-122.25620765,3.95,1,0
37.8625023513992,-122.264426334215,4.075,1,1
37.86263625,-122.27736536744001,4.1,3,2
37.8625023513992,-122.264426334215,4.075,1,1
37.86188565,-122.264426334215,4.075,1,1
37.8631144,-122.25659915,4.05,1,0
37.863501,-122.2625817,4.025,0,0
37.862840500000004,-122.28898989999999,4.1,6,2
37.862669,-122.294519946739,4.075,5,2
37.862747049999996,-122.25659915,4.025,1,0
37.86188565,-122.264113874363,4.075,1,1
37.862262543813,-122.25620955,3.975,1,0
37.86188565,-122.264113874363,4.075,1,1
37.863499743812994,-122.263013226135,4.025,1,0
37.8621744,-122.2855179,4.075,5,1
37.8631144,-122.25659915,4.05,1,0
37.8622192017158,-122.264826434215,4.125,1,1
37.863501,-122.2625817,4.025,0,0
37.863499743812994,-122.26267010000001,4.025,1,0
37.861947099999995,-122.26307385000001,4.025,1,1
37.861947099999995,-122.26307385000001,4.025,1,1
37.86263625,-122.27339181744,4.075,3,1
37.86261603943035,-122.264426334215,4.1,1,1
37.8622661,-122.26845662400649,4.075,1,2
37.86344055,-122.2865839,4.05,6,1
37.861947099999995,-122.26307385000001,4.025,1,1
37.861947099999995,-122.26307385000001,4.025,1,1
37.86263625,-122.27806960000001,4.1,3,2
37.8622003,-122.25620765,3.95,1,0
37.862747049999996,-122.25644274999999,4.0,1,0
37.86263625,-122.27736536744001,4.1,3,2
37.8622271,-122.25620955,3.95,1,0
37.8635714570343,-122.260040074243,4.05,1,0
37.863499743812994,-122.263013226135,4.025,1,0
37.8631144,-122.25659915,4.05,1,0
37.8635714570343,-122.260040074243,4.05,1,0
37.86289485,-122.25207565,3.95,1,0
37.863499743812994,-122.26267010000001,4.025,1,0
37.86263625,-122.27736536744001,4.1,3,2
37.8622003,-122.25620765,3.95,1,0
37.863134599999995,-122.2683955582215,4.125,1,2
37.8622003,-122.25620765,3.95,1,0
37.863499743812994,-122.263013226135,4.025,1,0
37.863134599999995,-122.2733700240065,4.05,2,2
37.8631144,-122.25659915,4.05,1,0
37.862669,-122.293487669355,4.075,5,2
37.862669,-122.294519946739,4.075,5,2
37.862940050000006,-122.27339181744,4.05,3,2
37.8622003,-122.25620765,3.95,1,0
37.863501,-122.263013226135,4.025,1,0
37.8631144,-122.25659915,4.05,1,0
37.8622003,-122.25620765,3.95,1,0
37.8631671,-122.2696081240065,4.05,1,2
37.862940050000006,-122.27339181744,4.05,3,2
37.86263625,-122.27896045,4.1,3,2
37.863134599999995,-122.2692471240065,4.075,1,2
37.8635946005237,-122.286402217551,4.075,5,2
37.863499743812994,-122.263013226135,4.025,1,0
37.8629718,-122.264826434215,4.15,1,2
37.86359935,-122.263020926135,4.025,1,1
37.8631144,-122.25659915,4.05,1,0
37.862860408748,-122.293487669355,4.05,5,2
37.8622003,-122.25620765,3.95,1,0
37.862669,-122.293487669355,4.025,5,2
37.862840500000004,-122.2867893,4.1,6,2
37.862747049999996,-122.25659915,4.0,1,0
37.8631144,-122.25659915,4.05,1,0
37.862747049999996,-122.25659915,4.0,1,0
37.86386835,-122.2625817,4.05,0,0
37.86289485,-122.25207565,3.95,1,0
37.862747049999996,-122.25659915,4.0,1,0
37.862747049999996,-122.25659915,4.0,1,0
37.862348743813,-122.25620955,3.95,1,0
37.8622271,-122.25620955,3.95,1,0
37.8631144,-122.25659915,4.05,1,0
37.86359935,-122.263020926135,4.025,1,1
37.862747049999996,-122.25659915,4.0,1,0
37.8631144,-122.25659915,4.05,1,0
37.86359935,-122.263020926135,4.025,1,1
37.862747049999996,-122.25644274999999,3.975,1,0
37.862860408748,-122.293487669355,4.05,5,2
37.862747049999996,-122.25644274999999,3.975,1,0
37.8635714570343,-122.26057142424301,4.05,1,0
37.86289485,-122.25207565,3.95,1,0
37.86359935,-122.264113874363,4.05,1,1
37.862747049999996,-122.25644274999999,3.975,1,0
37.86359935,-122.263020926135,4.025,1,1
37.86313595,-122.293318569355,4.05,4,2
37.8631144,-122.25659915,4.05,1,0
37.86263625,-122.2783911,4.1,3,2
37.863155858748,-122.293487669355,4.0,4,2
37.8643777,-122.264113874363,4.075,1,2
37.862747049999996,-122.25659915,4.0,1,0
37.8642160513992,-122.264113874363,4.05,1,1
37.864094996651005,-122.27339181744,4.025,3,2
37.86300785,-122.25596655000001,3.95,1,0
37.8631144,-122.25659915,4.05,1,0
37.86402505,-122.286342667551,4.0,4,1
37.863155858748,-122.293487669355,4.0,4,2
37.864094996651005,-122.27339181744,4.05,3,2
37.8642160513992,-122.264113874363,4.05,1,1
37.8642160513992,-122.264113874363,4.05,1,1
37.862747049999996,-122.25644274999999,3.975,1,0
37.862747049999996,-122.25644274999999,3.975,1,0
37.862747049999996,-122.25659915,4.0,1,0
37.864094996651005,-122.27339181744,4.05,3,2
37.863501,-122.263013226135,4.025,1,0
37.86263625,-122.279979167551,4.15,4,1
37.863155858748,-122.293487669355,4.0,4,2
37.8631144,-122.2598497,4.05,1,0
37.8631144,-122.2598497,4.05,1,0
37.86359935,-122.264113874363,4.05,1,1
37.863616346651,-122.268269434215,4.125,1,2
37.863501,-122.263013226135,4.025,1,0
37.863501,-122.2625817,4.025,0,0
37.86359935,-122.264113874363,4.05,1,1
37.86386835,-122.2625817,4.05,0,0
37.8632041070343,-122.256679474243,3.975,1,0
37.86359935,-122.264113874363,4.05,1,1
37.8638619570343,-122.256679474243,4.05,1,0
37.86289485,-122.25207565,3.95,1,0
37.863616346651,-122.268269434215,4.125,1,2
37.8634049,-122.2561464,3.975,1,0
37.8638619570343,-122.256679474243,4.05,1,0
37.8638619570343,-122.256679474243,4.05,1,0
37.863501,-122.263013226135,4.025,1,0
37.86359935,-122.263020926135,4.025,1,1
37.864094996651005,-122.2700641240065,4.025,2,2
37.86359935,-122.263013226135,4.025,1,0
37.86386835,-122.2625817,4.05,0,0
37.864094996651005,-122.27736536744001,4.05,3,2
37.863155858748,-122.29279435000001,4.05,4,2
37.86386835,-122.2625817,4.05,0,0
37.863616346651,-122.2690051240065,4.075,1,2
37.863616346651,-122.2689606240065,4.075,1,2
37.86439645,-122.29485254673901,3.95,3,1
37.863616346651,-122.2687996240065,4.075,1,2
37.863583846651,-122.268269434215,4.125,1,2
37.864094996651005,-122.27510966744,4.05,3,2
37.8643777,-122.264113874363,4.075,1,2
37.863817600000004,-122.28634489999999,3.975,4,1
37.863616346651,-122.268269434215,4.125,1,2
37.8635714570343,-122.259930024243,4.05,1,0
37.863501,-122.263013226135,4.025,1,0
37.8638619570343,-122.256679474243,4.05,1,0
37.8642160513992,-122.26307385000001,4.025,1,1
37.86386835,-122.2623626545865,4.05,0,0
37.8650965921113,-122.267956974363,4.125,1,2
37.8638619570343,-122.256679474243,4.05,1,0
37.8635714570343,-122.256679474243,4.05,1,0
37.8650468,-122.26451397436301,4.15,1,2
37.864094996651005,-122.27013191744001,4.025,2,2
37.8650468,-122.26451397436301,4.15,1,2
37.8638619570343,-122.256679474243,4.05,1,0
37.8636661387623,-122.2683955582215,4.1,1,2
37.86386835,-122.2582869,4.025,0,0
37.8635714570343,-122.256679474243,4.025,1,0
37.8650468,-122.26451397436301,4.15,1,2
37.86359935,-122.263020926135,4.025,1,1
37.8633365570343,-122.2564569950465,3.95,1,0
37.864026258748,-122.293487669355,3.95,3,2
37.86386835,-122.2625817,4.05,0,0
37.863616346651,-122.2688631240065,4.075,1,2
37.863616346651,-122.2687116240065,4.075,1,2
37.8636661387623,-122.2683955582215,4.1,1,2
37.8642160513992,-122.26307385000001,4.025,1,1
37.863616346651,-122.26878362400649,4.075,1,2
37.863616346651,-122.2685401240065,4.075,1,2
37.864158849999995,-122.25710685,4.05,0,0
37.864094996651005,-122.27013891744,4.025,2,2
37.8650468,-122.2681413,4.125,1,2
37.8638619570343,-122.2564569950465,3.95,1,0
37.86263625,-122.279979167551,4.15,4,1
37.864094996651005,-122.2793828045865,4.05,4,2
37.86263625,-122.279979167551,4.1,5,1
37.864158849999995,-122.25710685,4.05,0,0
37.86359935,-122.263020926135,4.025,1,1
37.8644650005237,-122.2867893,4.0,5,2
37.86359935,-122.263020926135,4.025,1,1
37.8638619570343,-122.255765,3.95,1,0
37.8650965921113,-122.2681502,4.1,1,2
37.8638619570343,-122.25622672424299,3.95,1,0
37.864817,-122.26414652436301,4.125,1,2
37.864094996651005,-122.27014791744,4.025,2,2
37.863616346651,-122.2691836240065,4.05,1,2
37.863501,-122.26267010000001,4.025,1,0
37.864817,-122.26414652436301,4.125,1,2
37.864158849999995,-122.25710685,4.05,0,0
37.864094996651005,-122.27339181744,4.025,3,2
37.86599795,-122.2577199,3.95,0,0
37.86652335,-122.2568843708035,3.975,0,0
37.863501,-122.26267010000001,4.025,1,0
37.864094996651005,-122.27339181744,4.025,3,2
37.86449573943035,-122.264113874363,4.075,1,1
37.864158849999995,-122.25710685,4.05,0,0
37.864094996651005,-122.2697416240065,4.025,2,2
37.8658655,-122.26267010000001,4.025,1,0
37.8658655,-122.26267010000001,4.025,1,0
37.864382051399204,-122.264113874363,4.05,1,1
37.8638619570343,-122.25558665,3.95,1,0
37.863501,-122.26267010000001,4.025,1,0
37.864094996651005,-122.27015541744001,4.025,2,2
37.8650965921113,-122.2688026240065,4.075,1,2
37.86652335,-122.25683742080349,3.95,0,0
37.86552545,-122.2695656240065,4.025,2,2
37.8648515,-122.26451397436301,4.15,1,2
37.86449573943035,-122.264113874363,4.075,1,1
37.86386835,-122.2625817,4.05,0,0
37.8650965921113,-122.2687061240065,4.075,1,2
37.864094996651005,-122.26993341744,4.025,2,2
37.86623285,-122.25750192080349,3.975,0,0
37.86449573943035,-122.264113874363,4.075,1,1
37.86449573943035,-122.26307385000001,4.05,1,1
37.8650859,-122.29503359673899,3.95,3,1
37.864094996651005,-122.27736536744001,4.05,3,2
37.8650965921113,-122.2686156240065,4.075,1,2
37.8638619570343,-122.25561865,3.95,1,0
37.86386835,-122.2623626545865,4.05,0,0
37.864158849999995,-122.25710685,4.05,0,0
37.86449573943035,-122.26307385000001,4.05,1,1
37.8650965921113,-122.2685301240065,4.075,1,2
37.8638619570343,-122.25603765,3.95,1,0
37.8650965921113,-122.2683254,4.1,1,2
37.86652335,-122.25710685,4.025,0,0
37.86652335,-122.25710685,4.025,0,0
37.86402505,-122.28672975,4.025,4,1
37.864382051399204,-122.263020926135,4.025,1,1
37.8650965921113,-122.2682384,4.1,1,2
37.86386835,-122.2625817,4.05,0,0
37.8650859,-122.29503359673899,3.95,3,1
37.86596385,-122.26267010000001,4.025,1,0
37.8638619570343,-122.25510265,3.95,1,0
37.8638619570343,-122.25566665,3.95,1,0
37.8638619570343,-122.25539365,3.95,1,0
37.864382051399204,-122.264113874363,4.05,1,1
37.86652335,-122.2568843708035,3.975,0,0
37.86449573943035,-122.264113874363,4.075,1,1
37.86449573943035,-122.26307385000001,4.05,1,1
37.864158849999995,-122.25710685,4.05,0,0
37.86652335,-122.25633965,3.975,0,0
37.86386835,-122.2623626545865,4.05,0,0
37.86449573943035,-122.26307385000001,4.05,1,1
37.864817,-122.26414652436301,4.125,1,2
37.8638619570343,-122.25541215,3.95,1,0
37.86623285,-122.2577239,4.0,0,0
37.86386835,-122.2623626545865,4.05,0,0
37.8658655,-122.26267010000001,4.025,1,0
37.86623285,-122.26267010000001,4.05,1,0
37.8650965921113,-122.2681502,4.1,1,2
37.86652335,-122.2568843708035,4.0,0,0
37.86652335,-122.25683742080349,3.975,0,0
37.86596385,-122.26267010000001,4.025,1,0
37.8638619570343,-122.2520223,3.95,1,0
37.8646064,-122.286402217551,4.0,5,2
37.86596385,-122.26267010000001,4.025,1,0
37.864094996651005,-122.2772044640225,4.05,3,2
37.86652335,-122.25625865,3.975,0,0
37.864158849999995,-122.2603574,4.05,0,0
37.86596385,-122.26267010000001,4.025,1,0
37.8646064,-122.286402217551,3.975,4,2
37.86300785,-122.25149865,3.95,1,0
37.864158849999995,-122.25710685,4.05,0,0
37.86386835,-122.2623626545865,4.05,0,0
37.8638619570343,-122.25545414999999,3.95,1,0
37.8650965921113,-122.2686446240065,4.1,1,2
37.8644650005237,-122.29097543134901,3.95,3,2
37.86652335,-122.25710685,4.025,0,0
37.864158849999995,-122.25710685,4.05,0,0
37.86669423943035,-122.263020926135,4.05,1,1
37.8653398,-122.2783911,4.075,4,2
37.86596385,-122.26267010000001,4.025,1,0
37.86439645,-122.29329605000001,3.95,3,1
37.86669423943035,-122.264113874363,4.075,1,1
37.86652335,-122.2568843708035,4.0,0,0
37.8646705,-122.286402217551,3.975,4,2
37.8638619570343,-122.25514615,3.95,1,0
37.86652335,-122.25686142080349,3.975,0,0
37.8650965921113,-122.2689841240065,4.05,1,2
37.864158849999995,-122.25710685,4.05,0,0
37.86669423943035,-122.264113874363,4.075,1,1
37.86652335,-122.2568843708035,4.0,0,0
37.8650965921113,-122.2688346240065,4.1,1,2
37.86669423943035,-122.264113874363,4.075,1,1
37.8646064,-122.286402217551,4.0,5,2
37.8665805513992,-122.263020926135,4.025,1,1
37.8650965921113,-122.2687471240065,4.1,1,2
37.86623285,-122.2625817,4.05,0,0
37.86669423943035,-122.264113874363,4.075,1,1
37.86386835,-122.2623626545865,4.05,0,0
37.86386835,-122.2623626545865,4.05,0,0
37.86669423943035,-122.264113874363,4.075,1,1
37.8672453,-122.26451397436301,4.15,1,2
37.86386835,-122.2623626545865,4.05,0,0
37.86596385,-122.263020926135,4.025,1,1
37.86386835,-122.2623626545865,4.05,0,0
37.86669423943035,-122.263020926135,4.05,1,1
37.864158849999995,-122.25710685,4.05,0,0
37.86596385,-122.263020926135,4.025,1,1
37.864158849999995,-122.2603574,4.05,0,0
37.867417092111296,-122.2681413,4.125,1,2
37.8650965921113,-122.26818739999999,4.1,1,2
37.86652335,-122.25604265,3.975,0,0
37.86623285,-122.2625817,4.05,0,0
37.86596385,-122.26267010000001,4.025,1,0
37.8644869,-122.279979167551,4.075,5,2
37.86596385,-122.26267010000001,4.025,1,0
37.867417092111296,-122.2681413,4.125,1,2
37.8650859,-122.29503359673899,3.95,3,1
37.864158849999995,-122.2603574,4.05,0,0
37.864158849999995,-122.2603574,4.05,0,0
37.86784595,-122.2696336240065,4.025,2,2
37.86652335,-122.2568744208035,3.975,0,0
37.8670155,-122.26451397436301,4.125,1,2
37.864158849999995,-122.2603574,4.05,0,0
37.86386835,-122.2625817,4.05,0,0
37.86652335,-122.25515915,3.975,0,0
37.86652335,-122.25604865,3.975,0,0
37.867417092111296,-122.2681413,4.125,1,2
37.86470735,-122.2867893,4.0,5,1
37.86591623101485,-122.295861329481,3.95,4,1
37.867417092111296,-122.2681413,4.125,1,2
37.86652335,-122.25710685,4.025,0,0
37.867417092111296,-122.2681413,4.125,1,2
37.86623285,-122.2625817,4.05,0,0
37.86623285,-122.26267010000001,4.05,1,0
37.8670155,-122.26439642436301,4.125,1,2
37.8673673,-122.2681413,4.125,1,2
37.86623285,-122.26267010000001,4.05,1,0
37.86623285,-122.2625817,4.05,0,0
37.866742200000004,-122.264113874363,4.075,1,2
37.86623285,-122.26267010000001,4.05,1,0
37.8670155,-122.264314074363,4.1,1,2
37.86652335,-122.2568843708035,3.975,0,0
37.86669423943035,-122.264113874363,4.075,1,1
37.86652335,-122.25515765,3.975,0,0
37.867417092111296,-122.2681413,4.125,1,2
37.86623285,-122.26267010000001,4.05,1,0
37.86772015,-122.2687969240065,4.1,2,2
37.866742200000004,-122.264113874363,4.075,1,2
37.86669423943035,-122.264113874363,4.075,1,1
37.867417092111296,-122.2681413,4.125,1,2
37.86652335,-122.25548115000001,3.975,0,0
37.86772015,-122.2687969240065,4.1,2,2
37.86669423943035,-122.264113874363,4.075,1,1
37.867417092111296,-122.2681413,4.125,1,2
37.86652335,-122.25629115,3.975,0,0
37.86652335,-122.2568843708035,4.0,0,0
37.86652335,-122.25519015,3.975,0,0
37.86669423943035,-122.263020926135,4.05,1,1
37.86596385,-122.26267010000001,4.025,1,0
37.867417092111296,-122.26502387436301,4.125,1,2
37.86623285,-122.26267010000001,4.05,1,0
37.866753900000006,-122.27339181744,4.025,3,2
37.86652335,-122.2568843708035,4.0,0,0
37.8670155,-122.26451397436301,4.125,1,2
37.86652335,-122.25710685,4.025,0,0
37.867417092111296,-122.2682114,4.1,1,2
37.8670155,-122.26451397436301,4.125,1,2
37.867417092111296,-122.26502387436301,4.125,1,2
37.864158849999995,-122.2603574,4.05,0,0
37.86669423943035,-122.26307385000001,4.05,1,1
37.867417092111296,-122.2681502,4.1,1,2
37.864158849999995,-122.2603574,4.05,0,0
37.86402505,-122.28672975,4.025,4,1
37.86652335,-122.25537315,3.975,0,0
37.8670155,-122.26451397436301,4.125,1,2
37.864158849999995,-122.2603574,4.05,0,0
37.86772015,-122.2687969240065,4.1,2,2
37.86784595,-122.2694898740065,4.025,2,2
37.867417092111296,-122.2681413,4.125,1,2
37.867417092111296,-122.26502387436301,4.125,1,2
37.86652335,-122.2567794208035,3.975,0,0
37.867417092111296,-122.2681413,4.125,1,2
37.8670155,-122.26451397436301,4.125,1,2
37.867050000000006,-122.26451397436301,4.15,1,2
37.8645659505237,-122.289527579747,3.95,4,1
37.8673673,-122.2648013951665,4.125,1,2
37.86623285,-122.26267010000001,4.05,1,0
37.86652335,-122.2568843708035,3.975,0,0
37.86652335,-122.2568843708035,4.0,0,0
37.8670155,-122.26451397436301,4.125,1,2
37.86402505,-122.28672975,4.025,4,1
37.86623285,-122.26267010000001,4.05,1,0
37.86652335,-122.25537915,3.975,0,0
37.864158849999995,-122.2603574,4.05,0,0
37.86652335,-122.2603574,4.05,0,0
37.86623285,-122.26267010000001,4.05,1,0
37.86652335,-122.2568843708035,3.975,0,0
37.86652335,-122.25521415,3.975,0,0
37.8670155,-122.26451397436301,4.125,1,2
37.86516754417765,-122.2931572333775,3.975,3,1
37.86784595,-122.27333226744,4.025,2,2
37.8654609,-122.2867893,3.975,4,1
37.8653968,-122.28750475,3.975,4,1
37.8670155,-122.26439642436301,4.125,1,2
37.8670155,-122.26451397436301,4.125,1,2
37.86652335,-122.2568843708035,3.975,0,0
37.864158849999995,-122.26018786744001,4.05,0,0
37.86652335,-122.2568129208035,3.975,0,0
37.867417092111296,-122.2681413,4.125,1,2
37.8673673,-122.2648013951665,4.125,1,2
37.8670155,-122.26439642436301,4.125,1,2
37.86669423943035,-122.263020926135,4.05,1,1
37.867172,-122.264515534043,4.125,1,2
37.86652335,-122.25480315,3.975,0,0
37.86652335,-122.25521015,3.975,0,0
37.867417092111296,-122.267956974363,4.125,1,2
37.86652335,-122.25665409999999,3.975,0,0
37.86652335,-122.25579715,3.975,0,0
37.86652335,-122.25546115,3.975,0,0
37.86566835,-122.28656675452501,3.975,4,1
37.867417092111296,-122.2681502,4.1,1,2
37.8654609,-122.286402217551,3.95,4,1
37.867417092111296,-122.26502387436301,4.125,1,2
37.8670155,-122.26439642436301,4.125,1,2
37.8665805513992,-122.263013226135,4.025,1,0
37.86652335,-122.25563464999999,3.975,0,0
37.8671375,-122.26439642436301,4.1,1,2
37.867417092111296,-122.2681502,4.1,1,2
37.8665805513992,-122.263013226135,4.025,1,0
37.86652335,-122.25521914999999,3.975,0,0
37.86596,-122.29233100160201,3.95,3,1
37.86784595,-122.27333226744,4.025,2,2
37.86687405,-122.27762681860901,4.025,3,1
37.867417092111296,-122.2681502,4.1,1,2
37.8679661,-122.2735018,4.0,2,2
37.86652335,-122.25563464999999,3.975,0,0
37.86596,-122.2926330140225,3.975,3,1
37.8673673,-122.2648013951665,4.125,1,2
37.8665805513992,-122.263020926135,4.025,1,1
37.86652335,-122.25563464999999,3.975,0,0
37.86669423943035,-122.263020926135,4.05,1,1
37.867417092111296,-122.2681502,4.1,1,2
37.86596,-122.29233100160201,3.95,3,1
37.867417092111296,-122.2681502,4.1,1,2
37.867417092111296,-122.2681502,4.1,1,2
37.86545995,-122.2797601221375,4.05,4,2
37.8679661,-122.2735018,4.0,2,2
37.867417092111296,-122.2681502,4.1,1,2
37.86545995,-122.2797601221375,4.05,4,2
37.8678797,-122.26968291744001,4.025,2,2
37.8679661,-122.2735018,4.0,2,2
37.86591623101485,-122.2984770274955,3.9,3,1
37.8670155,-122.26439642436301,4.125,1,2
37.8665805513992,-122.2625817,4.05,0,0
37.86596,-122.29233100160201,3.95,3,1
37.867417092111296,-122.267956974363,4.125,1,2
37.8644869,-122.281502374363,4.075,5,1
37.86784595,-122.27025791744,4.025,2,2
37.86687405,-122.2757015545865,4.025,3,2
37.8670155,-122.26307385000001,4.075,1,1
37.86687405,-122.2757015545865,4.025,3,2
37.8665805513992,-122.26078095,4.05,0,0
37.86652335,-122.25622265,3.975,0,0
37.86652335,-122.25564165,3.975,0,0
37.86652335,-122.25577315,3.975,0,0
37.86652335,-122.25554414999999,3.975,0,0
37.8653968,-122.289352179747,3.95,4,1
37.866620350000005,-122.25465815,3.925,1,0
37.867417092111296,-122.26502387436301,4.125,1,2
37.86784595,-122.27026341743999,4.025,2,2
37.867417092111296,-122.26502387436301,4.125,1,2
37.8665805513992,-122.26077975458651,4.05,0,0
37.86545995,-122.279979167551,4.05,4,2
37.8679661,-122.2752792,4.025,2,2
37.86596,-122.289527579747,3.95,4,1
37.86409315,-122.2520223,3.925,1,0
37.867417092111296,-122.26502387436301,4.125,1,2
37.866620350000005,-122.2566379208035,3.95,0,0
37.86669423943035,-122.26236385,4.075,0,0
37.8671375,-122.26439642436301,4.1,1,2
37.8671375,-122.26439642436301,4.1,1,2
37.86669423943035,-122.26236385,4.075,0,0
37.8654609,-122.28807235,3.95,3,1
37.8673673,-122.2648013951665,4.125,1,2
37.8671375,-122.26439642436301,4.1,1,2
37.8671375,-122.26439642436301,4.1,1,2
37.866620350000005,-122.2555834,3.95,0,0
37.866620350000005,-122.25651642080351,3.95,0,0
37.868605349999996,-122.2757015545865,4.025,2,2
37.867417092111296,-122.26502387436301,4.125,1,2
37.8671375,-122.26439642436301,4.1,1,2
37.866620350000005,-122.2564304208035,3.95,0,0
37.866620350000005,-122.25460415,3.925,1,0
37.8671375,-122.26439642436301,4.1,1,2
37.86669423943035,-122.26236385,4.075,0,0
37.86687405,-122.27762681860901,4.0,3,1
37.866620350000005,-122.25608392080349,3.95,0,0
37.8671375,-122.264151974363,4.1,1,2
37.86851895,-122.27011991744001,4.025,2,2
37.866620350000005,-122.2559669208035,3.95,0,0
37.866620350000005,-122.2552884,3.95,0,0
37.86591623101485,-122.2963002069765,3.9,3,1
37.867417092111296,-122.26502387436301,4.125,1,2
37.86669423943035,-122.2603574,4.075,0,0
37.86759981082835,-122.2682674240065,4.1,1,2
37.8671375,-122.263020926135,4.05,1,1
37.86572785,-122.28672975,3.95,3,1
37.8670131,-122.263020926135,4.05,1,1
37.866620350000005,-122.25481189999999,3.925,1,0
37.8659848,-122.28290915,3.975,4,2
37.86669423943035,-122.26018786744001,4.075,0,0
37.86669423943035,-122.2626778,4.075,1,1
37.8670155,-122.263020926135,4.075,1,1
37.867417092111296,-122.2648013951665,4.1,1,2
37.86669423943035,-122.26267010000001,4.075,1,0
37.867417092111296,-122.2648013951665,4.1,1,2
37.866620350000005,-122.25710685,3.95,0,0
37.866620350000005,-122.2548269,3.925,1,0
37.86669423943035,-122.26246645,4.075,0,0
37.8673673,-122.264515534043,4.1,1,2
37.8660195,-122.29088315,3.95,4,1
37.86669423943035,-122.26246645,4.075,0,0
37.867417092111296,-122.2681502,4.1,1,2
37.86669423943035,-122.26246645,4.075,0,0
37.8671375,-122.26439642436301,4.1,1,2
37.8671375,-122.263020926135,4.075,1,2
37.867417092111296,-122.2648013951665,4.1,1,2
37.8671375,-122.26439642436301,4.1,1,2
37.86663245,-122.2941895107615,3.925,3,1
37.868605349999996,-122.2739241545865,4.025,2,2
37.8671375,-122.26439642436301,4.1,1,2
37.86687405,-122.279979167551,4.05,4,1
37.866620350000005,-122.25444139999999,3.925,1,0
37.8671375,-122.26439642436301,4.1,1,2
37.866620350000005,-122.2543914,3.925,1,0
37.8671375,-122.264151974363,4.1,1,2
37.867417092111296,-122.2681413,4.125,1,2
37.866620350000005,-122.2563194208035,3.95,0,0
37.86591623101485,-122.2963002069765,3.9,3,1
37.8671375,-122.263020926135,4.075,1,2
37.8671375,-122.263020926135,4.075,1,2
37.866620350000005,-122.2565754208035,3.95,0,0
37.866620350000005,-122.2541624,3.925,1,0
37.86621155,-122.28807235,3.95,4,1
37.8666976,-122.2568914,3.95,0,0
37.867417092111296,-122.26502387436301,4.125,1,2
37.8666976,-122.25499242080349,3.925,1,0
37.866620350000005,-122.2563044208035,3.95,0,0
37.86591623101485,-122.2963002069765,3.9,3,1
37.866620350000005,-122.2558454208035,3.95,0,0
37.866620350000005,-122.2561664208035,3.95,0,0
37.867417092111296,-122.2681502,4.1,1,2
37.8666976,-122.2547854208035,3.925,1,0
37.86781945,-122.2626778,4.075,1,1
37.868605349999996,-122.2757015545865,4.025,2,2
37.8666976,-122.2545844208035,3.925,1,0
37.8670155,-122.26267010000001,4.1,1,0
37.8670155,-122.26018786744001,4.1,0,0
37.8666976,-122.2545724208035,3.925,1,0
37.8670155,-122.26018786744001,4.1,0,0
37.867417092111296,-122.2681413,4.125,1,2
37.8666976,-122.25691789999999,3.95,0,0
37.86687405,-122.2776280140225,4.0,3,1
37.86621155,-122.2936001229645,3.975,4,1
37.867417092111296,-122.2681502,4.1,1,2
37.867417092111296,-122.2681502,4.1,1,2
37.867417092111296,-122.2681413,4.125,1,2
37.867417092111296,-122.2681502,4.1,1,2
37.867417092111296,-122.2681502,4.1,1,2
37.868605349999996,-122.27369522775001,4.025,2,2
37.86591623101485,-122.2986075,3.875,2,1
37.8666976,-122.2566129,3.95,0,0
37.86823906082835,-122.2681502,4.1,1,2
37.868605349999996,-122.27011987775,4.025,2,2
37.8671375,-122.263020926135,4.075,1,2
37.8666976,-122.25700789999999,3.95,0,0
37.867417092111296,-122.2681413,4.125,1,2
37.8666976,-122.25642690000001,3.95,0,0
37.86687405,-122.2777306140225,4.0,3,1
37.86823906082835,-122.2681502,4.1,1,2
37.8670155,-122.26018786744001,4.1,0,0
37.86823906082835,-122.2681502,4.1,1,2
37.868605349999996,-122.27012537774999,4.025,2,2
37.8680563421113,-122.2681413,4.125,1,2
37.868605349999996,-122.2739241545865,4.025,2,2
37.86652335,-122.25710685,3.975,0,0
37.8671375,-122.263265004973,4.075,1,2
37.86409315,-122.25214305,3.925,1,0
37.86663245,-122.293818251602,3.95,4,1
37.86687405,-122.2777306140225,4.0,3,1
37.867417092111296,-122.2681413,4.125,1,2
37.86409315,-122.25214305,3.925,1,0
37.8670155,-122.26018786744001,4.1,0,0
37.866620350000005,-122.2568009,3.95,0,0
37.8670155,-122.26246645,4.1,0,0
37.8670155,-122.26246645,4.1,0,0
37.8680563421113,-122.2681413,4.125,1,2
37.867776750000004,-122.263272458148,4.075,1,2
37.867484250000004,-122.2986075,3.875,2,1
37.868605349999996,-122.27570275,4.0,2,2
37.8659848,-122.28290915,3.975,4,2
37.866620350000005,-122.25687740000001,3.95,0,0
37.8680563421113,-122.263641,4.075,1,2
37.866620350000005,-122.25670790000001,3.95,0,0
37.8670155,-122.26246645,4.1,0,0
37.8670155,-122.26018786744001,4.1,0,0
37.8670155,-122.26018786744001,4.1,0,0
37.8670155,-122.26018786744001,4.1,0,0
37.868605349999996,-122.2739241545865,4.025,2,2
37.8670155,-122.26018786744001,4.1,0,0
37.86905745,-122.2739241545865,4.025,2,2
37.8670155,-122.26018786744001,4.1,0,0
37.868605349999996,-122.2707298045865,4.025,2,2
37.8659848,-122.28290915,3.975,4,2
37.86823906082835,-122.2681502,4.1,1,2
37.8666976,-122.25519990000001,3.95,0,0
37.8666976,-122.2545694208035,3.925,1,0
37.8666976,-122.25421442080349,3.925,1,0
37.86823906082835,-122.2681502,4.1,1,2
37.8666976,-122.2554414,3.95,0,0
37.8666976,-122.25553339999999,3.95,0,0
37.8673989,-122.280319346389,4.025,3,1
37.8686771,-122.27969795000001,3.975,2,2
37.8686771,-122.28672975,3.95,4,2
37.8670155,-122.26018786744001,4.05,0,0
37.86823906082835,-122.2681502,4.1,1,2
37.86409315,-122.2522525708035,3.925,1,0
37.866620350000005,-122.25618589999999,3.95,0,0
37.8670155,-122.26018786744001,4.05,0,0
37.8666976,-122.2539324208035,3.925,1,0
37.86897105,-122.2687969240065,4.1,2,2
37.8670155,-122.26018786744001,4.05,0,0
37.86823906082835,-122.267956974363,4.125,1,2
37.867484250000004,-122.29386179901701,3.975,4,1
37.86823906082835,-122.267956974363,4.125,1,2
37.8673989,-122.2816867,3.975,5,1
37.866620350000005,-122.2556149,3.95,0,0
37.86947245,-122.25721225000001,4.025,0,0
37.86905745,-122.2706798045865,4.0,2,2
37.8666976,-122.2540039208035,3.925,1,0
37.86905745,-122.27570275,4.0,2,2
37.8670155,-122.26018786744001,4.1,0,0
37.86823906082835,-122.267956974363,4.125,1,2
37.8659848,-122.28290915,3.975,3,3
37.866620350000005,-122.2570319,3.95,0,0
37.86905745,-122.26996965000001,4.0,2,2
37.8686771,-122.280319346389,4.0,2,1
37.8670155,-122.26018786744001,4.075,0,0
37.86905745,-122.26996965000001,4.0,2,2
37.8673989,-122.2822162,3.95,5,1
37.86652335,-122.25710685,3.975,0,0
37.866620350000005,-122.2566829,3.95,0,0
37.86869116082835,-122.2681413,4.125,1,2
37.8659848,-122.28290915,3.975,3,3
37.86905745,-122.27579425,3.975,2,2
37.8686771,-122.28672975,3.95,4,2
37.8668347,-122.2822162,3.975,5,1
37.86869116082835,-122.2681413,4.125,1,2
37.86905745,-122.27570275,4.0,2,2
37.8686771,-122.280319346389,4.0,2,1
37.866620350000005,-122.2564399,3.95,0,0
37.8670155,-122.26018786744001,4.1,0,0
37.86905745,-122.27579425,3.975,2,2
37.8668347,-122.28672975,3.975,4,2
37.8673989,-122.2809577,4.0,3,1
37.867484250000004,-122.295882329481,3.9,2,1
37.866620350000005,-122.2555979,3.95,0,0
37.86905745,-122.27579425,4.0,2,2
37.8702358,-122.27969795000001,3.95,1,2
37.86905745,-122.27579425,4.0,2,2
37.870462723359054,-122.27579425,3.975,1,2
37.86986415,-122.2915420713625,3.95,5,2
37.86409315,-122.2522525708035,3.925,1,0
37.86986415,-122.294040051602,3.95,5,2
37.866620350000005,-122.25629190000001,3.95,0,0
37.86986415,-122.288917379747,3.95,5,2
37.86986415,-122.2915420713625,3.95,5,2
37.86905745,-122.27392535,4.0,2,2
37.8673989,-122.2822162,3.95,5,1
37.86986415,-122.2915420713625,3.95,5,2
37.86986415,-122.2915420713625,3.95,5,2
37.867484250000004,-122.295882329481,3.9,2,1
37.86963645,-122.27401685000001,3.975,2,2
37.86986415,-122.2915420713625,3.95,5,2
37.86409315,-122.2522525708035,3.925,1,0
37.86986415,-122.2915420713625,3.95,5,2
37.86986415,-122.2915420713625,3.95,5,2
37.86986415,-122.288917379747,3.95,5,2
37.870462723359054,-122.27579425,3.975,1,2
37.8668347,-122.28672975,3.975,4,2
37.867484250000004,-122.295882329481,3.9,2,1
37.870462723359054,-122.27579425,3.95,1,2
37.870462723359054,-122.27579425,3.975,1,2
37.86986415,-122.288917379747,3.95,5,2
37.8686771,-122.280840381302,4.0,2,1
37.870462723359054,-122.27579425,3.975,1,2
37.870462723359054,-122.27579425,3.975,1,2
37.86986415,-122.288917379747,3.95,5,2
37.870462723359054,-122.27379025,3.975,1,2
37.86986415,-122.294040051602,3.95,5,2
37.8695446,-122.2687969240065,4.05,1,2
37.870462723359054,-122.27379025,3.975,1,2
37.8684021409573,-122.295882329481,3.9,3,1
37.870462723359054,-122.27579425,3.975,1,2
37.870462723359054,-122.27579425,3.975,1,2
37.8684021409573,-122.295882329481,3.9,3,1
37.870462723359054,-122.2777195140225,3.95,1,2
37.8686771,-122.28672975,3.95,4,2
37.86685225,-122.25375840000001,3.925,1,0
37.870462723359054,-122.27379025,3.975,1,2
37.8686771,-122.288483679747,3.925,4,2
37.8686771,-122.28672975,3.95,4,2
37.86986415,-122.288917379747,3.95,5,2
37.8698184261035,-122.2681413,4.125,1,2
37.8686771,-122.288483679747,3.925,4,2
37.8686771,-122.288483679747,3.925,4,2
37.86986415,-122.288917379747,3.95,5,2
37.8698184261035,-122.2681413,4.125,1,2
37.8704043909573,-122.294040051602,3.95,4,2
37.8686771,-122.28290915,3.975,4,2
37.86986415,-122.2915420713625,3.95,5,2
37.8686771,-122.28672975,3.95,4,2
37.8686771,-122.28672975,3.95,4,2
37.8686771,-122.2822162,3.95,5,1
37.86986415,-122.288917379747,3.95,5,2
37.867028250000004,-122.2547349,3.925,1,0
37.870462723359054,-122.269880208572,4.0,1,2
37.870462723359054,-122.278047932712,3.9,1,1
37.8686771,-122.2814885,3.925,3,1
37.870462723359054,-122.27379025,3.975,1,2
37.8686771,-122.288483679747,3.925,4,2
37.870462723359054,-122.278047932712,3.9,1,1
37.8686771,-122.288483679747,3.925,4,2
37.870462723359054,-122.27379025,3.975,1,2
37.870462723359054,-122.2779419640225,3.925,1,1
37.8686771,-122.288483679747,3.925,4,2
37.87123305373255,-122.295882329481,3.9,3,2
37.8686771,-122.288483679747,3.925,4,2
37.8686771,-122.28672975,3.95,4,2
37.86992442335905,-122.2687969240065,4.05,1,2
37.870462723359054,-122.27579425,3.95,1,2
37.86986415,-122.288917379747,3.95,5,2
37.8686771,-122.28672975,3.95,4,2
37.8686771,-122.2814885,3.925,3,1
37.8686771,-122.28672975,3.95,4,2
37.86986415,-122.2915420713625,3.95,5,2
37.8686771,-122.28672975,3.95,4,2
37.86986415,-122.288917379747,3.95,5,2
37.86986415,-122.294040051602,3.95,5,2
37.8707795,-122.2986075,3.875,3,2
37.870462723359054,-122.269880208572,4.0,1,2
37.86986415,-122.288917379747,3.95,5,2
37.8707795,-122.2986075,3.875,3,2
37.870462723359054,-122.27579425,3.95,1,2
37.870462723359054,-122.278047932712,3.9,1,1
37.8686771,-122.2816867,3.975,4,2
37.87142285,-122.29467469350351,3.925,3,2
37.8686771,-122.288483679747,3.925,4,2
37.870462723359054,-122.27556765,3.975,1,2
37.871147223359046,-122.27579425,3.95,2,2
37.87040857335905,-122.278047932712,3.925,1,1
37.870462723359054,-122.2781421140225,3.9,1,1
37.870462723359054,-122.2781421140225,3.9,1,1
37.8686771,-122.28672975,3.95,4,2
37.870462723359054,-122.27379025,3.975,1,2
37.870462723359054,-122.27379025,3.975,1,2
37.870462723359054,-122.27379025,3.975,1,2
37.870462723359054,-122.27379025,3.975,1,2
37.8704043909573,-122.288483679747,3.9,4,3
37.87123305373255,-122.295882329481,3.9,3,2
37.87123305373255,-122.295882329481,3.9,3,2
37.870462723359054,-122.2777195140225,3.925,1,2
37.8704043909573,-122.288483679747,3.9,4,3
37.8686771,-122.2816867,3.95,4,1
37.87145812335905,-122.27579425,3.95,2,1
37.87145812335905,-122.27579425,3.975,2,2
37.86986415,-122.288917379747,3.95,5,2
37.8686771,-122.28290915,3.975,4,2
37.87040857335905,-122.278047932712,3.925,1,1
37.870462723359054,-122.269880208572,4.0,1,2
37.8686771,-122.2816867,3.95,4,1
37.8704043909573,-122.28729285,3.925,4,3
37.8686771,-122.2814885,3.925,3,1
37.8703431261035,-122.2686708,4.1,2,2
37.8686771,-122.28290915,3.975,4,2
37.8701173693928,-122.2681413,4.1,1,2
37.87123305373255,-122.295882329481,3.9,3,2
37.87145812335905,-122.27579425,3.975,2,2
37.8686771,-122.2816867,3.95,4,1
37.8702358,-122.28058475,3.975,1,1
37.8686771,-122.2813506,3.95,3,1
37.87145812335905,-122.278047932712,3.95,2,0
37.87145812335905,-122.269880208572,4.0,2,1
37.87145812335905,-122.27579425,3.975,2,2
37.870462723359054,-122.2781421140225,3.9,1,1
37.8715028909573,-122.292238547415,3.95,4,2
37.87123305373255,-122.295882329481,3.9,3,2
37.87145812335905,-122.269880208572,4.0,2,1
37.87142285,-122.294227321972,3.95,3,2
37.87145812335905,-122.27013745857201,4.0,2,1
37.8704043909573,-122.28729285,3.925,4,3
37.8686771,-122.2816867,3.95,4,1
37.8686771,-122.2814885,3.925,3,1
37.8686771,-122.2816867,3.95,4,1
37.87138845,-122.2686708,4.1,3,1
37.8721668,-122.26937265,4.0,3,1
37.8704043909573,-122.28729285,3.925,4,3
37.87148791497615,-122.27067339999999,4.0,3,1
37.87148791497615,-122.2702484,4.0,3,1
37.8704043909573,-122.288483679747,3.9,4,3
37.8721668,-122.26937265,4.0,3,1
37.87252135,-122.295882329481,3.95,3,2
37.87028995,-122.28058475,3.95,1,1
37.87211883943035,-122.2686708,4.075,3,1
37.87148791497615,-122.2705889,4.0,3,1
37.87148791497615,-122.27579425,4.0,3,1
37.87145812335905,-122.27379025,3.975,2,1
37.87148791497615,-122.2738125,4.0,3,1
37.8721668,-122.2686708,4.025,3,1
37.870462723359054,-122.2781421140225,3.9,1,1
37.8704043909573,-122.28729285,3.925,4,3
37.8704043909573,-122.28729285,3.925,4,3
37.87148791497615,-122.2738125,4.0,3,1
37.872477700000005,-122.26980597848001,4.0,3,1
37.87148791497615,-122.2707319,4.0,3,1
37.87211883943035,-122.2686708,4.075,3,1
37.8704043909573,-122.28729285,3.925,4,3
37.87287845,-122.294227321972,3.95,3,2
37.87252135,-122.294227321972,3.975,3,2
37.872477700000005,-122.26980597848001,4.0,3,1
37.87252135,-122.295882329481,3.95,3,2
37.87211883943035,-122.2686708,4.075,3,1
37.87252135,-122.295882329481,3.95,3,2
37.872112358929655,-122.2738125,4.0,3,0
37.87145812335905,-122.2781421140225,3.9,1,1
37.874607350000005,-122.2811199,3.975,1,1
37.8725074916171,-122.26980597848001,4.0,4,1
37.872477700000005,-122.26980597848001,4.0,3,1
37.872112358929655,-122.2738125,4.0,3,0
37.872920699999995,-122.29386179901701,3.975,3,2
37.87287845,-122.292238547415,3.95,3,2
37.874607350000005,-122.281002581302,3.95,1,1
37.8725074916171,-122.26980597848001,4.0,4,1
37.874607350000005,-122.28075755,3.95,1,1
37.8704043909573,-122.28729285,3.925,4,3
37.87272525868405,-122.26980597848001,4.025,4,0
37.874607350000005,-122.28075755,3.95,1,1
37.872112358929655,-122.27612266868951,4.0,3,0
37.872112358929655,-122.2738125,4.0,3,0
37.872920699999995,-122.29386179901701,3.975,3,2
37.8731319355706,-122.26980597848001,4.0,4,1
37.873349702637555,-122.26980597848001,4.0,4,0
37.8704043909573,-122.28729285,3.925,4,3
37.87252135,-122.2887833,3.925,3,3
37.87368846706695,-122.27056672848,4.0,4,0
37.873349702637555,-122.26980597848001,4.0,4,0
37.87368846706695,-122.27022222848001,4.0,4,0
37.87272525868405,-122.26980597848001,4.025,4,0
37.872920699999995,-122.29386179901701,3.975,3,2
37.87272525868405,-122.26980597848001,4.025,4,0
37.8739200205651,-122.296740879481,3.95,2,2
37.87368846706695,-122.26980597848001,4.0,4,0
37.873445752315746,-122.29649717948101,4.0,2,2
37.87368846706695,-122.26980597848001,4.0,4,0
37.87368846706695,-122.26980597848001,4.0,4,0
37.87368846706695,-122.27612266868951,3.975,3,0
37.87368846706695,-122.26980597848001,4.0,4,0
37.87252135,-122.28787439999999,3.95,3,3
37.87368846706695,-122.26980597848001,4.0,4,0
37.87368846706695,-122.26980597848001,4.0,4,0
37.87368846706695,-122.26980597848001,4.0,4,0
37.87368846706695,-122.26980597848001,4.0,4,0
37.8742845444454,-122.28787439999999,3.95,2,3
37.87325725373255,-122.2978167052935,3.875,3,1
37.87423042553195,-122.2743452686895,3.975,3,0
37.87423042553195,-122.27060615,3.975,3,0
37.87339496824935,-122.29386179901701,3.975,3,2
37.87368846706695,-122.26980597848001,4.0,4,0
37.8739200205651,-122.29649717948101,3.95,2,2
37.87368846706695,-122.26980597848001,4.0,4,0
37.87368846706695,-122.26980597848001,4.0,4,0
37.87368846706695,-122.26980597848001,4.0,4,0
37.874320458465,-122.26980597848001,4.0,4,0
37.87368846706695,-122.26980597848001,4.0,4,0
37.874261008465,-122.27612266868951,3.975,3,0
37.87368846706695,-122.26980597848001,4.0,4,0
37.874261008465,-122.27612266868951,3.975,3,0
37.87423042553195,-122.2743452686895,3.975,3,0
37.87368846706695,-122.26911302848,4.025,4,0
37.87368846706695,-122.26911302848,4.025,4,0
37.87368846706695,-122.26980597848001,4.0,4,0
37.87368846706695,-122.26911302848,4.025,4,0
37.87581879417765,-122.2782051640225,3.975,3,1
37.87342273943035,-122.2681413,4.075,2,1
37.87581879417765,-122.2782051640225,3.975,3,1
37.8723160513992,-122.2681413,4.075,2,1
37.87255930401065,-122.26506905,4.125,4,1
37.87368846706695,-122.26911302848,4.025,4,0
37.87423042553195,-122.27099065,3.975,3,0
37.87368846706695,-122.26911302848,4.025,4,0
37.87423042553195,-122.27092115,3.975,3,0
37.87513240231576,-122.28075755,3.925,1,1
37.874261008465,-122.27612266868951,3.975,3,0
37.87581879417765,-122.2782051640225,3.975,3,1
37.874052053732555,-122.2978167052935,3.875,3,1
37.874320458465,-122.27033572848,4.0,4,0
37.874320458465,-122.26980597848001,4.0,4,0
37.87423042553195,-122.27062365,3.975,3,0
37.87276238943035,-122.26506905,4.125,5,0
37.874261008465,-122.27612266868951,3.975,3,0
37.87492693187335,-122.2978167052935,3.9,3,1
37.87276238943035,-122.2649163027115,4.15,5,0
37.87368846706695,-122.26980597848001,4.0,4,0
37.874320458465,-122.26985672848,4.0,4,0
37.874320458465,-122.27015172848,4.0,4,0
37.874556,-122.2743452686895,3.975,3,0
37.8730712517158,-122.2649163027115,4.125,5,0
37.874556,-122.26980597848001,4.0,4,0
37.8745091017158,-122.26503299999999,4.1,5,0
37.8730712517158,-122.2649163027115,4.125,5,0
37.874320458465,-122.26980597848001,4.0,4,0
37.874556,-122.26980597848001,4.0,4,0
37.874556,-122.26980597848001,4.0,4,0
37.874556,-122.26980597848001,4.0,4,0
37.874556,-122.27108215000001,3.975,3,0
37.874320458465,-122.26988022848,4.0,4,0
37.874556,-122.26980597848001,4.0,4,0
37.87446596706695,-122.26911302848,4.025,4,0
37.87581879417765,-122.2782051640225,3.975,3,1
37.874556,-122.26980597848001,4.0,4,0
37.8730712517158,-122.2649163027115,4.125,5,0
37.874556,-122.27082865,3.975,3,0
37.8745091017158,-122.26503299999999,4.1,5,0
37.8730712517158,-122.2649163027115,4.125,5,0
37.87604805,-122.27621685,3.975,3,1
37.8742875,-122.292480444261,4.0,2,2
37.874556,-122.26980597848001,4.0,4,0
37.8745091017158,-122.2647784027115,4.15,5,0
37.87446596706695,-122.26911302848,4.025,4,0
37.874556,-122.27052215,3.975,3,0
37.87446596706695,-122.26911302848,4.0,4,0
37.874556,-122.26980597848001,4.0,4,0
37.874556,-122.26980597848001,4.0,4,0
37.8745091017158,-122.2649163027115,4.125,5,0
37.874556,-122.26980597848001,4.0,4,0
37.8745191,-122.26503299999999,4.075,5,0
37.874556,-122.2743452686895,3.975,3,0
37.874556,-122.26980597848001,4.0,4,0
37.8745091017158,-122.2647784027115,4.15,5,0
37.874556,-122.26980597848001,4.0,4,0
37.874556,-122.26980597848001,4.0,4,0
37.874556,-122.26980597848001,4.0,4,0
37.8740865513992,-122.26443038401351,4.175,5,0
37.8740865513992,-122.26443038401351,4.175,5,0
37.8745191,-122.2649163027115,4.1,5,0
37.874556,-122.26999190000001,3.975,3,0
37.874701650000006,-122.2936001229645,4.0,3,2
37.8745091017158,-122.2649163027115,4.125,5,0
37.8745091017158,-122.26506905,4.1,5,0
37.8740865513992,-122.26443038401351,4.175,5,0
37.8745091017158,-122.2649163027115,4.125,5,0
37.8745091017158,-122.2647784027115,4.15,5,0
37.873738849999995,-122.26341465,4.2,6,0
37.8745191,-122.2649163027115,4.1,5,0
37.875218000000004,-122.2743452686895,4.0,3,0
37.874556,-122.27027565,3.975,3,0
37.87507870142255,-122.26911302848,4.0,4,0
37.8745091017158,-122.2647784027115,4.15,5,0
37.8745091017158,-122.2647784027115,4.15,5,0
37.8747188,-122.26980597848001,3.975,4,0
37.87507870142255,-122.26911302848,4.0,4,0
37.8745091017158,-122.2647784027115,4.15,5,0
37.87420023943035,-122.26443038401351,4.175,6,0
37.87507870142255,-122.26911302848,4.0,4,0
37.8745191,-122.26503299999999,4.075,5,0
37.8745091017158,-122.2647784027115,4.15,5,0
37.871932393813,-122.2615775,4.2,6,0
37.875218000000004,-122.2714394186895,4.0,3,0
37.87500240231575,-122.29596985,3.95,3,2
37.87524150142255,-122.26980597848001,3.975,4,0
37.87512821706695,-122.2679431,4.05,3,0
37.87538105,-122.26911302848,3.975,4,0
37.8745191,-122.2649163027115,4.1,5,0
37.8745091017158,-122.2649163027115,4.125,5,0
37.8745091017158,-122.2649163027115,4.125,5,0
37.8745191,-122.2649163027115,4.1,5,0
37.8753808,-122.26996922848,4.0,4,0
37.871932393813,-122.2615775,4.2,6,0
37.8745091017158,-122.2647784027115,4.15,5,0
37.87181303061755,-122.2615775,4.175,6,0
37.875181350000005,-122.2649163027115,4.1,5,0
37.875181350000005,-122.2647784027115,4.125,5,0
37.8753808,-122.26980597848001,4.0,4,0
37.87564606082835,-122.26980597848001,4.0,4,0
37.875218000000004,-122.2709499186895,4.0,3,0
37.8753808,-122.26993172848,4.0,4,0
37.875413550000005,-122.26911302848,4.0,4,0
37.87564606082835,-122.26503299999999,4.075,6,0
37.8754633421113,-122.2649163027115,4.075,5,0
37.8754633421113,-122.26911302848,4.0,4,0
37.87564606082835,-122.2649163027115,4.1,6,0
37.87521825,-122.27140059999999,4.0,3,0
37.875413550000005,-122.26838532848001,4.0,3,0
37.87480959676115,-122.28869625,3.975,1,3
37.87564606082835,-122.26503299999999,4.075,6,0
37.873370243813,-122.2615775,4.175,6,0
37.873370243813,-122.2615775,4.175,6,0
37.87564606082835,-122.26980597848001,4.0,4,0
37.87564606082835,-122.26980597848001,4.0,4,0
37.873370243813,-122.2615775,4.175,6,0
37.87564606082835,-122.26503299999999,4.075,6,0
37.873370243813,-122.2615775,4.175,6,0
37.873370243813,-122.2615775,4.175,6,0
37.87564606082835,-122.2646262027115,4.15,6,0
37.873370243813,-122.2615775,4.175,6,0
37.87538105,-122.26980597848001,4.0,4,0
37.873370243813,-122.2615775,4.175,6,0
37.87538105,-122.26980597848001,4.0,4,0
37.873370243813,-122.2615775,4.175,6,0
37.873370243813,-122.2615775,4.175,6,0
37.8762703,-122.2747826,4.0,3,0
37.873370243813,-122.2615775,4.175,6,0
37.873370243813,-122.2615775,4.175,6,0
37.87564606082835,-122.26503299999999,4.1,6,0
37.873370243813,-122.2615775,4.175,6,0
37.875055,-122.29424450160201,3.95,2,2
37.87592595,-122.2647784027115,4.15,6,0
37.87564606082835,-122.2646262027115,4.15,6,0
37.87592595,-122.2647784027115,4.15,6,0
37.875413550000005,-122.26838532848001,4.0,3,0
37.87564606082835,-122.26503299999999,4.1,6,0
37.87564606082835,-122.26980597848001,4.0,4,0
37.8754633421113,-122.26911302848,4.0,4,0
37.87564606082835,-122.2646262027115,4.15,6,0
37.87564606082835,-122.26980597848001,4.0,4,0
37.87564606082835,-122.26980597848001,4.0,4,0
37.87507691238105,-122.2947622140225,4.0,3,2
37.875413550000005,-122.26838532848001,4.0,3,0
37.8754633421113,-122.26911302848,4.0,4,0
37.8762872604747,-122.2707541,4.0,3,0
37.8762872604747,-122.2706766,4.0,3,0
37.87564606082835,-122.2646262027115,4.15,6,0
37.87426155142255,-122.26344157022001,4.2,6,0
37.87597354402615,-122.2647218029615,4.15,6,0
37.87564606082835,-122.2646262027115,4.15,6,0
37.87426155142255,-122.26160442022001,4.175,6,0
37.87389294523555,-122.26160442022001,4.15,6,0
37.875485850000004,-122.2981087052935,3.95,4,1
37.87597354402615,-122.2647218029615,4.15,6,0
37.876552271303055,-122.26838532848001,4.025,3,0
37.875485850000004,-122.2981087052935,3.95,4,1
37.875181350000005,-122.2646262027115,4.15,6,0
37.87597354402615,-122.2647218029615,4.15,6,0
37.876552271303055,-122.26838532848001,4.025,3,0
37.87597354402615,-122.2647218029615,4.15,6,0
37.87209113761075,-122.26048217848,4.075,5,0
37.87325088061755,-122.2615775,4.15,6,0
37.8762872604747,-122.2706911,4.0,3,0
37.8763365604747,-122.2747826,4.05,3,0
37.873195800000005,-122.26138145,4.1,6,0
37.87210613761075,-122.2613581,4.1,6,0
37.8763365604747,-122.2747826,4.05,3,0
37.87597354402615,-122.2647218029615,4.15,6,0
37.872138637610746,-122.2606681,4.075,5,0
37.8762872604747,-122.2715221,4.0,3,0
37.8763365604747,-122.2747826,4.05,3,0
37.872156137610745,-122.2606681,4.075,5,0
37.8763365604747,-122.2747826,4.05,3,0
37.8744011,-122.26366809999999,4.175,6,0
37.876065010474704,-122.2762799,4.025,3,1
37.87219363761075,-122.2606681,4.075,5,0
37.87597354402615,-122.2647218029615,4.15,6,0
37.87597354402615,-122.2647218029615,4.15,6,0
37.87201697670805,-122.26048217848,4.075,5,0
37.8744011,-122.26160442022001,4.15,6,0
37.8766726104747,-122.2747826,4.05,3,0
37.87687975450085,-122.2651154,4.1,6,0
37.876552271303055,-122.2651678,4.05,4,0
37.8762872604747,-122.27051635,4.0,3,0
37.8763365604747,-122.2747826,4.05,3,0
37.87725075,-122.2981087052935,3.95,5,1
37.876832160474706,-122.265167693312,4.1,6,0
37.876832160474706,-122.265167693312,4.1,6,0
37.8766726104747,-122.26980597848001,4.025,4,0
37.8766726104747,-122.26980597848001,4.025,4,0
37.876552271303055,-122.2651678,4.05,4,0
37.87725075,-122.2981087052935,3.95,5,1
37.8763365604747,-122.27524585,4.025,3,1
37.8766726104747,-122.26980597848001,4.025,4,0
37.8766726104747,-122.2708216,4.0,3,0
37.875181350000005,-122.2646262027115,4.15,6,0
37.8766726104747,-122.26980597848001,4.025,4,0
37.8762872604747,-122.2713026,4.025,3,0
37.8763365604747,-122.2747826,4.05,3,0
37.875448000000006,-122.28907979265901,4.0,1,2
37.876832160474706,-122.265167693312,4.1,6,0
37.875181350000005,-122.2646262027115,4.15,6,0
37.8763365604747,-122.2747826,4.05,3,0
37.875181350000005,-122.26455949999999,4.15,6,0
37.8766726104747,-122.26980597848001,4.025,4,0
37.8744011,-122.26366809999999,4.175,6,0
37.875448000000006,-122.289525442659,4.0,2,2
37.8766726104747,-122.26980597848001,4.025,4,0
37.876832160474706,-122.2651678,4.1,5,0
37.87725075,-122.2981087052935,3.95,5,1
37.8763365604747,-122.2747826,4.05,3,0
37.875181350000005,-122.2644855,4.15,6,0
37.876832160474706,-122.2651678,4.1,5,0
37.8766726104747,-122.2707346,4.0,3,0
37.8766726104747,-122.26980597848001,4.025,4,0
37.8766726104747,-122.2747826,4.05,3,0
37.8744011,-122.26366809999999,4.175,6,0
37.8766726104747,-122.27051635,4.0,3,0
37.8766726104747,-122.26980597848001,4.025,4,0
37.876959260474706,-122.26479960271149,4.15,6,0
37.8766726104747,-122.26911302848,4.025,4,0
37.875448000000006,-122.28907979265901,4.0,1,2
37.876832160474706,-122.2651678,4.1,5,0
37.875448000000006,-122.28907979265901,4.0,1,2
37.8760899604747,-122.2647528160035,4.175,6,0
37.876959260474706,-122.2649163,4.1,6,0
37.87725075,-122.2981087052935,3.95,5,1
37.875448000000006,-122.289525442659,3.975,1,2
37.8766726104747,-122.26980597848001,4.05,4,0
37.8766726104747,-122.2747826,4.05,3,0
37.876959260474706,-122.26479960271149,4.15,6,0
37.875181350000005,-122.2646262027115,4.15,6,0
37.876798410474706,-122.26980597848001,4.025,3,0
37.876959260474706,-122.26479960271149,4.15,6,0
37.8766726104747,-122.27051635,4.0,3,0
37.876959260474706,-122.26479960271149,4.15,6,0
37.8771923865782,-122.2649163,4.125,6,0
37.8766726104747,-122.2747826,4.05,3,0
37.87725075,-122.29644680559551,3.975,5,1
37.877464874297004,-122.29644680559551,3.95,5,1
37.876959260474706,-122.2647528160035,4.15,6,0
37.876959260474706,-122.2647528160035,4.15,6,0
37.8766726104747,-122.26980597848001,4.05,4,0
37.876959260474706,-122.2649163,4.1,6,0
37.876959260474706,-122.26479960271149,4.15,6,0
37.87687975450085,-122.2649163,4.1,6,0
37.876959260474706,-122.2649163,4.1,6,0
37.876832160474706,-122.2651678,4.1,5,0
37.876959260474706,-122.2649163,4.1,6,0
37.876959260474706,-122.2645354,4.15,6,0
37.8766726104747,-122.27072509999999,4.025,3,0
37.8769114,-122.295458500302,4.025,5,1
37.876286176103505,-122.2647218029615,4.15,7,0
37.87605305,-122.2646262027115,4.15,7,0
37.876959260474706,-122.26479960271149,4.15,6,0
37.876832160474706,-122.26851122848001,4.025,3,0
37.8766726104747,-122.27051635,4.0,3,0
37.876832160474706,-122.2651678,4.1,5,0
37.876832160474706,-122.26838532848001,4.025,3,0
37.876959260474706,-122.2649163,4.1,6,0
37.87605305,-122.2646262027115,4.15,7,0
37.8771923865782,-122.2647528160035,4.15,6,0
37.874032493813004,-122.26160442022001,4.075,6,0
37.87605305,-122.2646262027115,4.15,7,0
37.876959260474706,-122.2647528160035,4.15,6,0
37.8781820604747,-122.2647528160035,4.15,6,0
37.874032493813004,-122.26160442022001,4.075,6,0
37.876767302315756,-122.28907979265901,4.05,2,2
37.874032493813004,-122.26160442022001,4.075,6,0
37.8744011,-122.26366809999999,4.125,6,0
37.876959260474706,-122.2647469,4.15,6,0
37.8744011,-122.26183094999999,4.1,6,0
37.8771923865782,-122.2647528160035,4.15,6,0
37.87687975450085,-122.26503299999999,4.1,5,0
37.876286176103505,-122.2647218029615,4.15,7,0
37.87605305,-122.2646262027115,4.15,7,0
37.876286176103505,-122.2647218029615,4.15,7,0
37.8771923865782,-122.2647528160035,4.15,6,0
37.8781820604747,-122.2647528160035,4.15,6,0
37.8766726104747,-122.2747826,4.05,3,0
37.8781820604747,-122.26479960271149,4.125,6,0
37.876832160474706,-122.2651678,4.1,5,0
37.8781820604747,-122.2647528160035,4.15,6,0
37.874691600000006,-122.26183094999999,4.075,6,0
37.876286176103505,-122.2647218029615,4.15,7,0
37.8744011,-122.26183094999999,4.1,6,0
37.876832160474706,-122.26865322848,4.025,3,0
37.8781820604747,-122.2647528160035,4.15,6,0
37.8766726104747,-122.2747826,4.05,3,0
37.8771923865782,-122.2647528160035,4.15,6,0
37.8781820604747,-122.2647528160035,4.15,6,0
37.876832160474706,-122.2651678,4.05,4,0
37.8769114,-122.2947622140225,4.05,5,1
37.8781820604747,-122.2647528160035,4.15,6,0
37.8771923865782,-122.2649163,4.1,6,0
37.876832160474706,-122.2651678,4.05,4,0
37.88023244231215,-122.1801983,3.7,2,0
37.8781820604747,-122.2649163,4.1,6,0
37.8781820604747,-122.2647528160035,4.15,6,0
37.876832160474706,-122.2651678,4.05,4,0
37.8781820604747,-122.2647528160035,4.15,6,0
37.876832160474706,-122.26871922848,4.025,3,0
37.8766726104747,-122.2747826,4.05,3,0
37.876832160474706,-122.2651678,4.05,4,0
37.877082900000005,-122.28907979265901,4.025,2,2
37.8768199,-122.29150519999999,4.025,4,2
37.8781820604747,-122.26479960271149,4.125,6,0
37.8781820604747,-122.2647528160035,4.15,6,0
37.8781820604747,-122.2647528160035,4.15,6,0
37.8771923865782,-122.2649163,4.1,6,0
37.8766726104747,-122.2747826,4.05,3,0
37.876959260474706,-122.2649163,4.1,6,0
37.8771923865782,-122.2649163,4.1,6,0
37.876832160474706,-122.26872922848,4.025,3,0
37.876798410474706,-122.26980597848001,4.05,3,0
37.8781820604747,-122.2649163,4.1,6,0
37.8766726104747,-122.27051635,4.025,3,0
37.8744011,-122.26183094999999,4.1,6,0
37.8766726104747,-122.2747826,4.025,3,0
37.8766726104747,-122.2747826,4.05,3,0
37.8774975604747,-122.2649163,4.075,5,0
37.8781820604747,-122.2649163,4.1,6,0
37.87687975450085,-122.2651678,4.05,4,0
37.876767302315756,-122.28907979265901,4.05,2,2
37.876832160474706,-122.26838532848001,4.05,3,0
37.8774975604747,-122.2649163,4.075,5,0
37.8784836104747,-122.26479960271149,4.15,5,0
37.8766726104747,-122.27051635,4.025,3,0
37.8781820604747,-122.2649163,4.1,6,0
37.87687975450085,-122.2651678,4.05,4,0
37.8781820604747,-122.2649163,4.1,6,0
37.8774975604747,-122.2649163,4.075,5,0
37.8781820604747,-122.2649163,4.1,6,0
37.8766726104747,-122.27051635,4.025,3,0
37.8771923865782,-122.2649163,4.1,6,0
37.876832160474706,-122.26873572848001,4.025,3,0
37.87687975450085,-122.2651678,4.05,4,0
37.8763365604747,-122.2747826,4.05,3,0
37.8771923865782,-122.2649163,4.1,6,0
37.876798410474706,-122.27051635,4.0,2,0
37.876959260474706,-122.2649163,4.125,5,0
37.876798410474706,-122.2747826,4.025,2,0
37.8763365604747,-122.2747826,4.05,3,0
37.876065010474704,-122.27611435,4.075,3,1
37.876832160474706,-122.26871322848001,4.025,3,0
37.8771923865782,-122.2649163,4.1,6,0
37.876798410474706,-122.2747826,4.025,2,0
37.88055144417765,-122.28907979265901,4.05,2,3
37.8784836104747,-122.26479960271149,4.15,5,0
37.8763365604747,-122.2747826,4.05,3,0
37.8763365604747,-122.2747826,4.05,3,0
37.8784836104747,-122.26479960271149,4.15,5,0
37.8771923865782,-122.2649163,4.1,6,0
37.876959260474706,-122.2649163,4.125,5,0
37.8771923865782,-122.2649163,4.1,6,0
37.8781820604747,-122.2649163,4.125,5,0
37.8771923865782,-122.2649163,4.1,6,0
37.8784929604747,-122.2649163,4.1,5,0
37.876959260474706,-122.2649163,4.125,5,0
37.8771923865782,-122.2649163,4.1,6,0
37.876832160474706,-122.26849572848,4.025,3,0
37.8781820604747,-122.2649163,4.1,6,0
37.8766726104747,-122.2747826,4.025,3,0
37.876832160474706,-122.26881022848,4.025,3,0
37.8774975604747,-122.2649163,4.05,5,0
37.8766726104747,-122.2747826,4.025,3,0
37.8808978,-122.29644680559551,4.05,5,1
37.8781820604747,-122.2649163,4.1,6,0
37.87687975450085,-122.27407222848001,4.05,3,0
37.876832160474706,-122.26839622848,4.025,3,0
37.8774975604747,-122.2649163,4.05,5,0
37.876798410474706,-122.2747826,4.025,2,0
37.876798410474706,-122.2747826,4.025,2,0
37.87850249333505,-122.26479960271149,4.125,5,0
37.8809239269962,-122.29644680559551,4.025,6,1
37.8771923865782,-122.2649163,4.1,6,0
37.880810600000004,-122.2831649,4.125,1,3
37.881373800000006,-122.289525442659,4.1,3,3
37.880810600000004,-122.28275047022001,4.125,0,2
37.876798410474706,-122.2747826,4.025,2,0
37.876798410474706,-122.2747826,4.025,2,0
37.876832160474706,-122.27407222848001,4.05,3,0
37.8781820604747,-122.2649163,4.1,5,0
37.88158435,-122.2747826,4.05,3,0
37.876798410474706,-122.2747826,4.0,3,0
37.880810600000004,-122.2831649,4.175,0,2
37.8813406,-122.278735900302,4.1,1,0
37.8784929604747,-122.26479960271149,4.125,4,0
37.8766726104747,-122.2747826,4.025,3,0
37.8769185604747,-122.27407222848001,4.025,4,0
37.8746071,-122.245657658561,3.85,8,0
37.8781820604747,-122.2649163,4.1,5,0
37.88158435,-122.2747826,4.05,3,0
37.8774975604747,-122.2649163,4.075,4,0
37.8784929604747,-122.26479960271149,4.125,4,0
37.8781820604747,-122.2649163,4.1,5,0
37.876798410474706,-122.2747826,4.0,3,0
37.8781820604747,-122.2649163,4.1,5,0
37.8774975604747,-122.2649163,4.075,4,0
37.8813406,-122.28297699999999,4.175,0,2
37.8832525,-122.29150519999999,4.075,4,2
37.882189,-122.28916185,4.15,2,3
37.88244745,-122.28256585,4.175,0,2
37.8781820604747,-122.2649163,4.1,5,0
37.8769185604747,-122.27407222848001,4.025,4,0
37.88171015,-122.2747826,4.025,3,0
37.88297642714325,-122.29644680559551,4.0,6,1
37.878586791617096,-122.26479960271149,4.125,4,0
37.878569,-122.26479960271149,4.125,4,0
37.88243045,-122.28766859999999,4.125,0,2
37.885031958465,-122.278735900302,4.175,0,0
37.88243045,-122.28766859999999,4.1,0,2
37.884716,-122.28766859999999,4.15,0,1
37.883376049999995,-122.289525442659,4.075,2,2
37.8825016,-122.2747826,4.05,3,0
37.8825016,-122.2747826,4.05,3,0
37.8832075,-122.29150519999999,4.1,7,1
37.8825016,-122.2747826,4.05,3,0
37.8783896,-122.2649859,4.075,5,0
37.883003099999996,-122.295458500302,4.025,6,1
37.87872065,-122.26479960271149,4.05,4,0
37.877757599999995,-122.2649859,4.05,5,0
37.8777696,-122.2649859,4.05,5,0
37.87877065,-122.26479960271149,4.05,4,0
37.885031958465,-122.27912230030199,4.175,0,1
37.8850901,-122.28256585,4.175,0,1
37.8775069261035,-122.2708547,4.05,5,0
37.883298499999995,-122.289525442659,4.075,4,2
37.8778151,-122.2649859,4.05,5,0
37.8825016,-122.2747826,4.05,3,0
37.8831861,-122.2747826,4.075,3,0
37.878897949999995,-122.26486920271151,4.075,4,0
37.8778591,-122.27071989999999,4.025,4,0
37.8818303,-122.2747826,4.0,3,0
37.8775624261035,-122.2708547,4.05,5,0
37.8778971,-122.2649859,4.05,5,0
37.885031958465,-122.278735900302,4.175,0,0
37.8779271,-122.27071989999999,4.025,4,0
37.8779411,-122.2708547,4.0,5,0
37.8779426,-122.2708547,4.0,5,0
37.885031958465,-122.278735900302,4.175,0,0
37.883003099999996,-122.295458500302,4.025,6,1
37.8824093,-122.2708547,4.025,4,0
37.8832343,-122.2898649823805,4.075,5,1
37.8824093,-122.2708547,4.025,4,0
37.87915045,-122.26486920271151,4.075,4,0
37.8792386,-122.26486920271151,4.05,4,0
37.8825016,-122.2747826,4.05,3,0
37.8831861,-122.2747826,4.075,3,0
37.8824093,-122.2708547,4.025,4,0
37.879282599999996,-122.26486920271151,4.05,4,0
37.8824093,-122.2708547,4.025,4,0
37.8831861,-122.2747826,4.05,4,0
37.883497000000006,-122.2747826,4.0,2,0
37.883497000000006,-122.2747826,4.05,3,0
37.8789816,-122.2649859,4.075,5,0
37.883497000000006,-122.2747826,4.0,2,0
37.883497000000006,-122.2747826,4.0,2,0
37.883497000000006,-122.2747826,4.05,3,0
37.883497000000006,-122.2747826,4.05,3,0
37.883497000000006,-122.2747826,4.0,2,0
37.8797901,-122.26486920271151,4.025,5,0
37.883497000000006,-122.2747826,4.0,2,0
37.883497000000006,-122.2747826,4.05,3,0
37.8864791944454,-122.28557,4.1,2,1
37.8830938,-122.26882069999999,4.0,5,0
37.888949,-122.125682650914,3.8,2,0
37.8830938,-122.2688308,3.975,5,0
37.883497000000006,-122.2730036,4.0,3,0
37.885752,-122.2772371,4.125,1,0
37.88078665,-122.2623424,4.05,4,0
37.8809690645803,-122.26494015,3.975,4,0
37.88106986855465,-122.26486920271151,3.95,3,0
37.88097465,-122.2608779,4.05,4,0
37.88118686855465,-122.26486920271151,3.95,3,0
37.884882000000005,-122.27581875,4.0,2,0
37.8864791944454,-122.2880194822855,4.075,2,1
37.8859295,-122.2786517,4.1,1,0
37.881436868554644,-122.26486920271151,3.925,3,0
37.8864791944454,-122.2880194822855,4.075,2,1
37.8829935,-122.187253751963,3.675,2,0
37.8841512355706,-122.27496149999999,3.95,2,0
37.8901925,-122.12155154999999,3.775,1,0
37.8841512355706,-122.2752331,3.95,2,0
37.883776100000006,-122.2695592,3.95,3,1
37.88449,-122.27581875,3.975,2,0
37.883776100000006,-122.2695592,3.95,3,1
37.885752,-122.2765316,4.075,1,0
37.883776100000006,-122.2695592,3.95,3,0
37.8880537,-122.29382406317,4.05,6,0
37.88382965,-122.2695693,3.95,3,0
37.8841512355706,-122.27395615,4.0,2,0
37.89121835,-122.2880194822855,4.05,2,1
37.8841512355706,-122.27373265,4.0,1,0
37.8913437,-122.2827776,3.975,0,2
37.88449,-122.27401714999999,3.975,2,0
37.88373765,-122.26938874999999,3.95,3,0
37.885853499999996,-122.27678595,4.05,1,0
37.893899763065605,-122.2957557,4.025,5,0
37.894155446488796,-122.30439824999999,3.825,3,0
37.8940387130656,-122.301028690298,3.875,4,0
37.89166535,-122.28263025,4.0,0,1
37.891223600000004,-122.27557920000001,3.975,1,0
37.8927783,-122.27877831329201,4.025,0,0
37.894155446488796,-122.3045237,3.8,3,0
37.894478446488804,-122.30439824999999,3.825,3,0
37.894478446488804,-122.30439824999999,3.825,3,0
37.8949353050767,-122.0604099408055,3.95,1,0
37.89761115,-122.28151159999999,4.025,1,1
37.8932906,-122.11093165,3.75,2,1
37.8864665,-122.19117225,3.675,2,0
37.89205765142255,-122.2749402,4.025,2,0
37.8951151130656,-122.30230903252951,3.875,2,0
37.89153495,-122.27243515,4.05,2,0
37.89153495,-122.27234215,4.05,2,0
37.89153495,-122.269624,4.025,3,0
37.89205765142255,-122.27237515,4.025,3,0
37.8993642,-122.30478475000001,3.675,1,0
37.897708288263004,-122.30462525,3.825,2,0
37.9015625,-121.6089858,3.825,2,1
37.89761115,-122.2765036,4.025,2,1
37.8977236,-122.27886325,4.075,3,1
37.8977236,-122.27836775,4.075,3,1
37.8977055,-122.2847535,4.15,2,1
37.903142149626404,-122.30478475000001,3.7,1,0
37.8977236,-122.27761874999999,4.05,3,1
37.8977055,-122.2844471,4.15,3,0
37.8977055,-122.28854100000001,4.125,2,1
37.8977236,-122.27672824999999,4.05,3,1
37.89761115,-122.2844471,4.075,3,0
37.8982362,-122.2844471,4.075,3,0
37.90610472811195,-122.3054017,3.8,1,0
37.91999545,-122.3401682,3.9,4,1
37.90073365,-122.2889643,4.15,4,0
37.9175944,-122.33625405,3.975,4,1
37.92081145,-122.3401682,3.9,4,1
37.92081145,-122.3401682,3.9,4,1
37.9059905,-122.3008845,3.8,1,0
37.922597350000004,-122.34115095,4.0,4,1
37.922597350000004,-122.33666414999999,4.0,4,1
37.92081145,-122.34115095,3.875,4,1
37.92081145,-122.34861445,3.9,3,1
37.9111721,-122.3032831,3.875,1,0
37.9076469,-122.2939255,3.975,4,0
37.90753,-122.29338870000001,4.05,4,0
37.9083989,-122.29338870000001,3.975,4,0
37.9228878,-122.34861445,3.95,3,1
37.9228878,-122.34861445,3.95,3,1
37.91752235,-122.31130435,3.925,3,0
37.918620250000004,-122.05801579999999,3.925,0,0
37.9236481,-122.3171545024845,3.7,1,1
37.928697403250254,-122.3335473576125,3.6,1,2
37.92669110799355,-122.3216291,3.575,1,1
37.9292545,-122.34528255000001,3.75,2,2
37.92858845,-122.38725224999999,3.675,5,1
37.923220882305,-122.37740495,3.8,4,1
37.9293111928402,-122.34565375,3.725,3,2
37.92618505,-122.3158815,3.675,1,1
37.92230105,-122.3104,3.85,2,1
37.92845943145075,-122.318903211377,3.6,1,1
37.93364155,-122.34777115,3.85,1,2
37.9338319640973,-122.31822185,3.625,2,1
37.9404932,-122.3599835,3.925,2,1
37.94468840799355,-122.33145769147549,3.8,1,0
37.947137350000006,-122.3599835,4.0,2,1
37.95043,-122.0443632,4.075,3,0
37.950928000000005,-122.50871864999999,4.0,0,0
37.94344075,-122.0927259,3.975,2,2
37.95405365,-122.3308991822305,3.825,1,0
37.948247,-122.3593813,4.25,0,0
37.948247,-122.3593813,4.25,0,0
37.963008869524955,-122.0357982,4.175,4,0
38.0101186,-81.4745204,3.525,0,0
37.980103,-121.79142295,3.5,3,1
37.9602415,-122.3220597,4.0,1,0
37.9620766,-122.32023365,3.975,1,0
37.9642706,-122.34838264999999,3.8,0,0
37.9712885,-122.33457385,3.7,0,0
37.97584795,-122.3315657,3.675,0,0
37.97584795,-122.3315657,3.675,0,0
37.978078387782304,-122.03687255,4.075,0,1
37.99821336093885,-122.2929992,3.6,2,0
38.00765065078525,-122.2758753431385,3.575,2,1
38.06103905,-122.22583115,3.775,3,1
38.065174416202055,-122.19802755,3.8,2,1
38.106759999999994,-122.24804424999999,4.075,6,1
38.2744499,-122.02079549999999,4.025,1,0
44.06192005,-123.14948770000001,4.0,1,1
