address,avg_ppr
2171 Allston Way,1125.8461538461538
1907 Center St,1373.3333333333333
1912 Addison St,1025.0
1915 Addison St,1393.8
2109 Shattuck Ave,1544.921052631579
2112 Addison St,1303.0
1904 University Ave,1547.25
2018 University Ave,1575.8333333333333
2008 Shattuck Ave,943.75
2070 University Ave,1296.2142857142858
1949 Milvia St,1624.0
1945 Milvia St,1010.8
2008 Berkeley Way,1083.0
2057 University Ave,979.88
1945 Berkeley Way,1450.8333333333333
1913 Berkeley Way,1850.0
1912 Milvia St,1450.8333333333333
2017 Berkeley Way,1117.0625
1836 Hearst Ave,974.75
2005 Berkeley Way,1279.0
1906 Bonita Ave,2487.0
1937 Haste St,878.0
2223 Dwight Way,1647.5
2247 Dwight Way,1600.0
2420 Milvia St,2275.0
2001 Haste St,1700.0
2007 Haste St,1283.75
2011 Haste St,1636.2142857142858
2021 Haste St,1695.0
2033 Haste St,1506.3620689655172
2425 Fulton St,1332.142857142857
2231 Dwight Way,1453.0
2491 Ellsworth St,1799.9705882352941
2321 Dwight Way,1444.7222222222222
2329 Dwight Way,1750.0
2333 Dwight Way,1395.0
1914 Channing Way,1765.6666666666667
1918 Channing Way,1053.75
1938 Channing Way,1092.8333333333335
2015 Haste St,1630.8125
2206 Haste St,1332.142857142857
2210 Haste St,830.5
2214 Haste St,1362.0
2218 Haste St,1536.4615384615386
2222 Haste St,2200.0
2230 Haste St,1509.0208333333333
2232 Haste St,1579.4791666666667
2431 Ellsworth St,1398.0833333333333
2315 Dwight Way,527.7096774193549
2335 Dwight Way,1433.9411764705883
2446 Dana St,1375.0
1930 Channing Way,1131.8472222222224
1942 Channing Way,1642.6875
2010 Channing Way,1566.1666666666665
2012 Channing Way,1066.0
2429 Shattuck Ave,1467.0
2115 Haste St,1422.7692307692307
2117 Haste St,1570.7283950617284
2135 Haste St,1397.5
2428 Ellsworth St,1774.4285714285713
2426 Ellsworth St,2030.0
2316 Haste St,527.7096774193549
2320 Haste St,1628.7142857142858
2322 Haste St,1669.7
2330 Haste St,1262.409090909091
1936 Channing Way,1092.8333333333335
2133 Haste St,1397.5
2416 Fulton St,1751.0
2420 Fulton St,1397.5
2015 Channing Way,1497.5
2019 Channing Way,1726.0
2020 Channing Way,948.4
2118 Channing Way,1197.6190476190477
2404 Fulton St,1580.625
2412 Atherton St,975.0
2237 Haste St,951.75
2301 Haste St,1832.0
2309 Haste St,1477.2
2325 McKinley Ave,1588.9
2021 Channing Way,1398.75
2023 Channing Way,1281.5
2035 Channing Way,1299.0833333333333
2150 Channing Way,1321.3541666666667
2405 Fulton St,1300.1904761904764
2412 Ellsworth St,1615.1666666666667
2423 Haste St,631.875
2000 Durant Ave,1422.6944444444443
2129 Channing Way,1928.5
2236 Channing Way,1767.2291666666667
2125 Channing Way,1747.5
2332 Fulton St,827.4
2345 Fulton St,1885.3333333333333
2211 Channing Way,2488.3333333333335
2215 Channing Way,1192.952380952381
2336 Channing Way,1987.4
2017 Durant Ave,868.75
2328 Fulton St,1800.0
2330 Fulton St,1800.0
2219 Channing Way,1100.0
2239 Channing Way,1516.25
2313 Channing Way,896.6666666666666
2400 Dana St,1200.0
2210 Durant Ave,1427.8541666666665
2218 Durant Ave,1007.75
2222 Durant Ave,1023.0
2226 Durant Ave,1256.8823529411766
2230 Durant Ave,1249.1538461538462
2360 Ellsworth St,1608.8333333333333
2341 Ellsworth St,1370.0
2325 Channing Way,1421.7142857142858
2329 Channing Way,1392.95
2333 Channing Way,1740.1190476190477
2025 Durant Ave,1577.6707317073171
2232 Durant Ave,1255.7222222222222
2236 Durant Ave,1356.0
2030 Bancroft Way,990.0
2312 Durant Ave,1294.5
2318 Durant Ave,2166.6666666666665
2235 McKinley Ave,1040.5
2020 Bancroft Way,1577.6707317073171
2241 Durant Ave,1650.1
2233 McKinley Ave,668.3333333333334
2126 Bancroft Way,2071.25
2312 Ellsworth St,1350.2916666666667
2306 Ellsworth St,1430.25
2411 Durant Ave,1867.642857142857
2419 Durant Ave,1700.857142857143
2110 Kittredge St,1626.3333333333333
2138 Kittredge St,1523.0
2231 Shattuck Ave,715.2142857142857
2001 Allston Way,1114.85
2414 Dwight Way,916.4545454545455
2418 Dwight Way,1258.7727272727273
2430 Dwight Way,1294.1363636363637
2517 Telegraph Ave,1269.7222222222222
2515 Regent St,1750.0
2508 Hillegass Ave,1194.462962962963
2520 College Ave,1886.7272727272727
2416 Dwight Way,916.4545454545455
2515 Benvenue Ave,1396.357142857143
2521 College Ave,1605.8461538461538
2518 Etna St,2800.0
2525 Piedmont Ave,1305.857142857143
2439 Dwight Way,1820.0
2449 Dwight Way,1187.6
2532 Dwight Way,971.25
2508 Benvenue Ave,1772.975
2514 College Ave,1250.8333333333333
2519 College Ave,1670.5
2522 Piedmont Ave,1390.625
2516 Piedmont Ave,1842.6666666666667
2521 Piedmont Ave,1578.625
2437 Dwight Way,1820.0
2527 Dwight Way,1300.0
2501 Benvenue Ave,1504.0
2644 Dwight Way,1467.142857142857
2514 Piedmont Ave,1842.6666666666667
2515 Piedmont Ave,1797.4
2513 Telegraph Ave,1344.75
2520 Etna St,1895.0
2510 College Ave,1905.5555555555557
2511 Dwight Way,1300.0
2504 College Ave,1017.0370370370371
2536 Piedmont Crescent,1725.0
2646 Dwight Way,1000.0
2726 Dwight Way,2281.090909090909
2750 Dwight Way,1354.75
2511 Piedmont Ave,1116.5
2513 Piedmont Ave,1116.5
2709 Dwight Way,1313.611111111111
2729 Dwight Way,1348.5263157894738
2737 Dwight Way,2175.0
2741 Dwight Way,1326.95
2435 College Ave,1004.9
2715 Dwight Way,1698.0
2467 Warring St,1581.4615384615386
2903 Dwight Way,1259.5
2435 Haste St,892.8
2708 Haste St,1529.5
2728 Haste St,1159.4347826086957
2442 Piedmont Ave,1319.5666666666666
2461 Warring St,1485.8108108108108
2414 Telegraph Ave,1815.65
2710 Haste St,1557.0
2732 Haste St,1353.7307692307693
2437 Piedmont Ave,1517.0833333333333
2437 Warring St,1545.4
2433 Warring St,1300.0
2421 Prospect St,778.25
2415 College Ave,1671.1333333333334
2721 Haste St,1540.8076923076924
2727 Haste St,2645.3125
2747 Haste St,2428.0833333333335
2430 Prospect St,1738.6666666666667
2417 Prospect St,2385.25
2409 College Ave,1143.9615384615386
2601 Channing Way,1469.8636363636363
2700 Channing Way,1400.0
2724 Channing Way,1583.7307692307693
2728 Channing Way,967.4736842105264
52 Panoramic Way,2500.0
54 Panoramic Way,2800.0
2421 Durant Ave,1303.2
2709 Channing Way,1492.3
2717 Channing Way,1522.578947368421
2815 Channing Way,898.3333333333334
2525 Durant Ave,1749.5
2533 Durant Ave,2281.25
2539 Durant Ave,1740.5357142857142
2336 Piedmont Ave,646.0
2330 Warring St,1190.6666666666667
2901 Channing Way,1177.8
2399 Prospect St,1691.3333333333333
36 Panoramic Way,1150.0
2605 Durant Ave,687.5
2701 Durant Ave,1117.1764705882354
2811 Channing Way,1314.5833333333333
66 Panoramic Way,1319.5
64 Panoramic Way,1636.75
2510 Bancroft Way,2180.7
2639 Durant Ave,1342.857142857143
2420 Dwight Way,1613.5714285714287
2510 Regent St,1269.7222222222222
2500 Durant Ave,2116.785714285714
2735 Durant Ave,2600.0
2308 Warring St,1648.125
2310 Piedmont Ave,1431.125
2468 Bancroft Way,1672.5
2425 Durant Ave,1303.2
2402 Dana St,1349.1666666666665
2233 Channing Way,1921.5714285714287
2417 Ellsworth St,1832.0
2214 Durant Ave,1487.0
2431 College Ave,1213.5
2214 Channing Way,1200.0
2725 Haste St,1540.8076923076924
2418 Atherton St,1381.0
2119 Addison St,1270.8
2124 Kittredge St,744.3333333333334
2412 Fulton St,1751.0
2137 Haste St,1397.5
15 Canyon Rd,891.8333333333333
2426 Fulton St,1361.111111111111
2024 University Ave,1575.8333333333333
76 Arden Rd,1523.0
152 Panoramic Way,1218.0
1900 University Ave,1547.25
340 Panoramic Way,1583.3333333333333
2206 McKinley Ave,863.0
1835 University Ave,1657.6666666666667
2124 McKinley Ave,1488.0
2210 McKinley Ave,1450.0
1823 University Ave,1657.6666666666667
1815 Addison St,1392.3333333333333
1819 Addison St,1075.0
1820 Berkeley Way,2200.0
1811 Addison St,975.0
1808 Addison St,1421.0
2133 Grant St,1792.625
2215 Grant St,1704.0
2405 McKinley Ave,890.0
1820 Hearst Ave,2000.0
1810 Berkeley Way,1008.625
1807 Addison St,1555.5555555555557
2115 Grant St,1500.0
2231 Grant St,1738.0
2103 Grant St,1507.3333333333333
2139 Grant St,1792.625
2315 Grant St,1753.0
2233 Grant St,1738.0
2319 Grant St,1629.6666666666667
2120 Grant St,1654.4166666666667
2224 Grant St,1497.0
1922 Grant St,680.0
1908 Grant St,1407.3333333333333
1743 Berkeley Way,1407.3333333333333
1759 Berkeley Way,1407.3333333333333
1920 Grant St,918.0
2330 Grant St,2350.0
2340 Grant St,1200.0
1733 Bancroft Way,1345.0
2313 Roosevelt Ave,1303.25
2319 Roosevelt Ave,2150.0
1810 Bonita Ave,967.5
2037 Hearst Ave,1370.25
1806 Bonita Ave,1700.0
2015 Hearst Ave,1537.6
2025 Hearst Ave,2450.0
2029 Hearst Ave,1600.0
2125 Hearst Ave,2045.4
1905 Delaware St,787.0
2030 Delaware St,1250.625
2119 Hearst Ave,1620.2
2131 Hearst Ave,1923.0
2225 Hearst Ave,1232.142857142857
2235 Hearst Ave,1212.6666666666667
1742 MLK Jr Way,1100.0
1917 Delaware St,1074.5
1925 Delaware St,925.5
1933 Delaware St,1177.25
2032 Delaware St,1250.625
2255 Hearst Ave,1437.1764705882354
2267 Hearst Ave,1923.875
2283 Hearst Ave,1289.2105263157894
1741 MLK Jr Way,1099.6666666666667
1921 Delaware St,1133.3333333333333
1929 Delaware St,1149.2222222222222
2017 Delaware St,1105.3333333333333
2120 Delaware St,1556.6666666666667
1806 Walnut St,1760.8333333333333
1818 Walnut St,2180.0
1846 Spruce St,1687.5
1910 Francisco St,1624.0
2019 Delaware St,1243.5
2083 Delaware St,1770.2
1817 Oxford St,1858.111111111111
1820 Spruce St,1771.0
1827 Spruce St,2284.0
1809 Spruce St,2284.0
1876 Arch St,1649.5
2317 Hearst Ave,1587.0
1920 Francisco St,1670.3666666666666
2018 Francisco St,944.8333333333334
1798 Walnut St,2050.0
1793 Oxford St,2614.0
1800 Spruce St,1846.25
1815 Spruce St,2146.4
1829 Spruce St,2284.0
1799 Spruce St,2284.0
1862 Arch St,1593.9285714285713
2340 Le Conte Ave,1508.0625
1721 MLK Jr Way,1133.3333333333333
1717 MLK Jr Way,1133.3333333333333
1786 Spruce St,1930.92
1795 Spruce St,2284.0
1850 Arch St,1693.125
1710 MLK Jr Way,1600.0
1711 MLK Jr Way,1353.75
1921 Francisco St,1264.8333333333333
1725 Shattuck Ave,1495.8125
1760 Walnut St,1553.1875
1773 Oxford St,1437.5
1783 Spruce St,2470.0
1785 Spruce St,2030.0
1793 Spruce St,2284.0
1820 Euclid Ave,1523.0
2511 Hearst Ave,1534.3333333333333
1922 Virginia St,1934.2857142857142
2021 Francisco St,1100.0
1750 Walnut St,1167.5
1765 Oxford St,1789.142857142857
2508 Ridge Rd,1890.0
2520 Ridge Rd,2082.5
1708 Milvia St,1523.5
2025 Francisco St,1090.8333333333333
1709 Shattuck Ave,1884.3125
1749 Oxford St,1445.7272727272727
1742 Spruce St,1370.5
2516 Ridge Rd,2082.5
1903 Virginia St,848.5555555555555
2014 Virginia St,1408.5
2022 Virginia St,1541.3
1728 Walnut St,1350.0
1739 Oxford St,1320.0
1738 Spruce St,1975.7222222222224
1799 Euclid Ave,1434.7142857142858
1649 MLK Jr Way,1230.0
2112 Virginia St,2050.0
1725 Oxford St,1429.111111111111
1734 Spruce St,1139.0
1731 Spruce St,1472.0
2523 Ridge Rd,1690.764705882353
2531 Ridge Rd,1282.0
2615 Ridge Rd,1925.0
1635 MLK Jr Way,1201.2857142857142
1700 Walnut St,1099.6666666666667
1717 Oxford St,1805.0
1720 Spruce St,2316.6666666666665
1730 Spruce St,1129.0
1777 Le Roy Ave,1800.0
1770 La Loma Ave,406.0
2701 Ridge Rd,1670.9444444444443
2703 Ridge Rd,1929.0
1771 Highland Pl,1565.125
2143 Virginia St,2800.0
1700 Spruce St,1439.6
1715 Spruce St,1874.5
2552 Le Conte Ave,1529.25
2572 Le Conte Ave,1624.0
2705 Ridge Rd,1818.1818181818182
1735 Highland Pl,1494.2692307692307
1622 MLK Jr Way,1200.0
1634 Milvia St,1033.3333333333333
1694 Oxford St,2030.0
2451 Le Conte Ave,1638.6666666666667
2525 Le Conte Ave,2213.214285714286
1622 Milvia St,1319.5
2541 Le Conte Ave,2035.7857142857142
1615 MLK Jr Way,1871.2857142857142
1618 Milvia St,961.6111111111112
2005 Lincoln St,1420.3333333333333
2013 Lincoln St,1183.5
1629 Walnut St,1781.25
1631 Walnut St,1596.0
1669 Oxford St,1780.0
2420 Virginia St,1410.0833333333333
2472 Virginia St,2520.625
1708 Euclid Ave,1583.25
2559 Le Conte Ave,2035.7857142857142
2575 Le Conte Ave,2509.0
1609 Bonita Ave,1421.0
1607 Milvia St,1296.6666666666667
2393 Virginia St,1442.2
2020 Cedar St,1255.3333333333333
1619 Walnut St,1294.0
1650 Oxford St,1558.2
1684 Scenic Ave,1442.2
2477 Virginia St,1765.2083333333333
2505 Virginia St,2175.8571428571427
2030 Cedar St,1236.5
1612 Walnut St,1495.25
1634 Oxford St,1639.4074074074074
2340 Hilgard Ave,1758.125
2380 Hilgard Ave,1320.0
1685 Euclid Ave,1875.0
2517 Virginia St,1827.0
2555 Virginia St,1457.3076923076924
1607 Walnut St,1725.5
2422 Hilgard Ave,2000.0
2444 Hilgard Ave,2193.5
2456 Hilgard Ave,1507.3333333333333
1675 Euclid Ave,1318.0
2663 Virginia St,1091.0
1588 Henry St,1447.25
2109 Cedar St,2199.8
2355 Hilgard Ave,1864.375
2466 Hilgard Ave,1498.25
2522 Hilgard Ave,966.6666666666666
2669 Virginia St,1091.0
2705 Virginia St,1269.0
1538 Henry St,1646.25
1550 Walnut St,2000.8333333333337
2135 Cedar St,3977.6
2143 Cedar St,1254.0
2339 Hilgard Ave,1001.3333333333334
1640 Scenic Ave,1293.3333333333333
2427 Hilgard Ave,1950.6666666666667
2435 Hilgard Ave,1397.875
2455 Hilgard Ave,1548.0
1640 Euclid Ave,1809.3333333333333
1518 Bonita Ave,4498.0
1531 Milvia St,868.75
1530 Henry St,966.4
1555 Oxford St,1567.4833333333331
1510 Bonita Ave,1683.3333333333333
1540 Milvia St,1250.0
1552 Milvia St,1100.0
1531 Shattuck Ave,1531.0
1532 Walnut St,1570.0
1541 Oxford St,1571.6666666666665
1569 Spruce St,2278.5
2267 Cedar St,950.0
2301 Cedar St,2284.0
1524 Milvia St,1821.4
1513 Milvia St,1015.0
1526 Walnut St,1000.0
1528 Oxford St,1116.5
1543 Spruce St,1740.0
1538 Arch St,1015.0
2171 Allston Way,1125.8461538461538
1907 Center St,1373.3333333333333
1912 Addison St,1025.0
1915 Addison St,1393.8
2109 Shattuck Ave,1544.921052631579
2112 Addison St,1303.0
1904 University Ave,1547.25
2018 University Ave,1575.8333333333333
2008 Shattuck Ave,943.75
2070 University Ave,1296.2142857142858
1949 Milvia St,1624.0
1945 Milvia St,1010.8
2008 Berkeley Way,1083.0
2057 University Ave,979.88
1945 Berkeley Way,1450.8333333333333
1913 Berkeley Way,1850.0
1912 Milvia St,1450.8333333333333
2017 Berkeley Way,1117.0625
1836 Hearst Ave,974.75
2005 Berkeley Way,1279.0
1906 Bonita Ave,2487.0
1930 Hearst Ave,763.1111111111112
1932 Hearst Ave,1177.6
1902 Henry St,1066.0
1905 Henry St,1057.0
2040 Hearst Ave,2035.75
2038 Hearst Ave,1918.8
2632 Regent St,1597.6666666666667
2637 Regent St,1346.142857142857
2704 Derby St,1665.0
2712 Derby St,2048.1666666666665
2620 Dana St,2112.5
2626 Regent St,1500.0
2633 Regent St,1509.7272727272727
2635 Hillegass Ave,1357.1666666666667
2409 Carleton St,1209.3333333333333
2625 Regent St,1365.0
2627 Hillegass Ave,1312.3095238095236
2631 Benvenue Ave,1282.375
2634 College Ave,1176.6666666666667
2636 College Ave,1176.6666666666667
2819 Derby St,1503.5714285714282
2619 Regent St,1827.0
2618 Hillegass Ave,1393.0
2620 Hillegass Ave,1339.0
2617 Hillegass Ave,1318.1190476190477
2635 College Ave,988.095238095238
2639 College Ave,1995.0
2636 Etna St,1421.0
2414 Parker St,1371.4999999999998
2610 Regent St,1686.357142857143
2615 Regent St,1562.5
2620 Benvenue Ave,1581.6666666666665
2619 Benvenue Ave,1568.0
2618 College Ave,2620.0
2620 College Ave,1077.4166666666667
2631 College Ave,1200.0
2633 Piedmont Ave,875.0
2610 Hillegass Ave,1479.8703703703707
2608 Benvenue Ave,1216.6666666666667
2606 Benvenue Ave,1396.2820512820513
2611 Benvenue Ave,1800.0
2541 Dana St,1794.0
2460 Parker St,1582.0714285714287
2600 Hillegass Ave,2200.0
2617 College Ave,1971.5384615384614
2629 Piedmont Ave,1850.0
2023 Parker St,1250.0
2114 Parker St,774.0
2120 Parker St,1038.25
2124 Parker St,1444.3333333333333
2134 Parker St,1050.0
2607 Fulton St,1294.0
2211 Carleton St,1498.892857142857
2327 Carleton St,1175.8333333333333
1920 Blake St,1979.0
2210 Parker St,1000.0
2218 Parker St,975.0
2609 Ellsworth St,1219.679487179487
1809 Blake St,954.5
1823 Blake St,2200.0
1936 Blake St,1466.25
2208 Parker St,1233.3333333333333
2252 Parker St,1127.3333333333333
2607 Ellsworth St,1776.0
2314 Parker St,987.6666666666666
2016 Blake St,878.5
2221 Parker St,1000.0
2603 Ellsworth St,1375.0
2390 Parker St,1405.8
2398 Parker St,2395.0
2124 Blake St,924.1666666666666
2537 Fulton St,1437.9
2223 Parker St,1000.0
2227 Parker St,863.0
2023 Blake St,668.25
2172 Blake St,943.1
2198 Blake St,1693.5
2529 Fulton St,1370.5
2212 Blake St,1066.0
2315 Parker St,1150.7857142857142
2329 Parker St,2200.0
1805 Dwight Way,1200.0
2021 Blake St,668.25
2202 Blake St,1370.5
2232 Blake St,1583.3333333333333
2240 Blake St,2013.9605263157894
2535 Ellsworth St,1172.9
2532 Dana St,916.25
1909 Dwight Way,1200.0
1927 Dwight Way,1118.1923076923076
1921 Dwight Way,1370.0
2012 Dwight Way,1150.0
2020 Dwight Way,1500.0
2030 Dwight Way,2062.4285714285716
2131 Blake St,444.0
2529 Ellsworth St,1871.6666666666667
2330 Blake St,1333.4
2338 Blake St,1188.0
1919 Dwight Way,1001.3571428571429
1931 Dwight Way,1543.0
1937 Dwight Way,1391.764705882353
1947 Dwight Way,1391.764705882353
2028 Dwight Way,1634.5
2506 Shattuck Ave,1710.25
2508 Shattuck Ave,1710.25
2128 Dwight Way,611.4285714285714
2215 Blake St,1131.25
1914 Haste St,1542.5
1916 Haste St,1400.0
2450 Milvia St,1391.764705882353
2511 Fulton St,1670.6666666666665
2208 Dwight Way,1661.25
2235 Blake St,966.6666666666666
2309 Blake St,1222.64
2317 Blake St,863.0
2325 Blake St,1248.090909090909
2331 Blake St,1311.5625
2422 McKinley Ave,971.75
2427 McKinley Ave,1657.5
1924 Haste St,1258.0
1930 Haste St,1800.0
1932 Haste St,1657.6666666666667
2200 Dwight Way,1670.6666666666665
2204 Dwight Way,1133.3333333333333
2222 Dwight Way,1176.0
2228 Dwight Way,1003.5714285714286
2230 Dwight Way,1365.287878787879
2507 Ellsworth St,1601.3333333333333
2321 Blake St,1428.9
2327 Blake St,1248.090909090909
2515 Dana St,1576.6666666666667
2428 Milvia St,1768.3333333333333
2224 Dwight Way,1176.0
2226 Dwight Way,1003.5714285714286
2503 Ellsworth St,1457.5
2304 Dwight Way,1671.0
2314 Dwight Way,1692.875
2324 Dwight Way,1280.9166666666667
1907 Haste St,1083.8333333333333
1915 Haste St,894.5
1919 Haste St,1554.6666666666665
1937 Haste St,878.0
2213 Dwight Way,1247.5
2217 Dwight Way,1878.0
2221 Dwight Way,2121.25
2223 Dwight Way,1647.5
2233 Dwight Way,1453.0
2247 Dwight Way,1600.0
2306 Dwight Way,1671.0
2308 Dwight Way,1880.0
2420 Milvia St,2275.0
2001 Haste St,1700.0
2007 Haste St,1283.75
2011 Haste St,1636.2142857142858
2021 Haste St,1695.0
2033 Haste St,1506.3620689655172
2425 Fulton St,1332.142857142857
2219 Dwight Way,1878.0
2231 Dwight Way,1453.0
2491 Ellsworth St,1799.9705882352941
2321 Dwight Way,1444.7222222222222
2329 Dwight Way,1750.0
2333 Dwight Way,1395.0
2500 Dana St,1900.0
1914 Channing Way,1765.6666666666667
1918 Channing Way,1053.75
1938 Channing Way,1092.8333333333335
2015 Haste St,1630.8125
2206 Haste St,1332.142857142857
2210 Haste St,830.5
2214 Haste St,1362.0
2218 Haste St,1536.4615384615386
2222 Haste St,2200.0
2230 Haste St,1509.0208333333333
2232 Haste St,1579.4791666666667
2431 Ellsworth St,1398.0833333333333
2315 Dwight Way,527.7096774193549
2335 Dwight Way,1433.9411764705883
2446 Dana St,1375.0
1930 Channing Way,1131.8472222222224
1942 Channing Way,1642.6875
2010 Channing Way,1566.1666666666665
2012 Channing Way,1066.0
2429 Shattuck Ave,1467.0
2115 Haste St,1422.7692307692307
2117 Haste St,1570.7283950617284
2135 Haste St,1397.5
2428 Ellsworth St,1774.4285714285713
2426 Ellsworth St,2030.0
2316 Haste St,527.7096774193549
2320 Haste St,1628.7142857142858
2322 Haste St,1669.7
2330 Haste St,1262.409090909091
1936 Channing Way,1092.8333333333335
2133 Haste St,1397.5
2416 Fulton St,1751.0
2420 Fulton St,1397.5
2015 Channing Way,1497.5
2019 Channing Way,1726.0
2020 Channing Way,948.4
2118 Channing Way,1197.6190476190477
2404 Fulton St,1580.625
2412 Atherton St,975.0
2237 Haste St,951.75
2301 Haste St,1832.0
2309 Haste St,1477.2
2325 McKinley Ave,1588.9
2021 Channing Way,1398.75
2023 Channing Way,1281.5
2035 Channing Way,1299.0833333333333
2150 Channing Way,1321.3541666666667
2405 Fulton St,1300.1904761904764
2412 Ellsworth St,1615.1666666666667
2423 Haste St,631.875
2000 Durant Ave,1422.6944444444443
2129 Channing Way,1928.5
2236 Channing Way,1767.2291666666667
2125 Channing Way,1747.5
2332 Fulton St,827.4
2345 Fulton St,1885.3333333333333
2211 Channing Way,2488.3333333333335
2215 Channing Way,1192.952380952381
2336 Channing Way,1987.4
2017 Durant Ave,868.75
2328 Fulton St,1800.0
2330 Fulton St,1800.0
2219 Channing Way,1100.0
2239 Channing Way,1516.25
2313 Channing Way,896.6666666666666
2400 Dana St,1200.0
2210 Durant Ave,1427.8541666666665
2218 Durant Ave,1007.75
2222 Durant Ave,1023.0
2226 Durant Ave,1256.8823529411766
2230 Durant Ave,1249.1538461538462
2360 Ellsworth St,1608.8333333333333
2341 Ellsworth St,1370.0
2325 Channing Way,1421.7142857142858
2329 Channing Way,1392.95
2333 Channing Way,1740.1190476190477
2025 Durant Ave,1577.6707317073171
2232 Durant Ave,1255.7222222222222
2236 Durant Ave,1356.0
2030 Bancroft Way,990.0
2312 Durant Ave,1294.5
2318 Durant Ave,2166.6666666666665
2235 McKinley Ave,1040.5
2020 Bancroft Way,1577.6707317073171
2241 Durant Ave,1650.1
2233 McKinley Ave,668.3333333333334
2126 Bancroft Way,2071.25
2312 Ellsworth St,1350.2916666666667
2306 Ellsworth St,1430.25
2411 Durant Ave,1867.642857142857
2419 Durant Ave,1700.857142857143
2110 Kittredge St,1626.3333333333333
2138 Kittredge St,1523.0
2231 Shattuck Ave,715.2142857142857
2001 Allston Way,1114.85
2610 Benvenue Ave,1000.0
2626 Etna St,1825.0
2535 Chilton Way,1933.3333333333335
2540 Regent St,1390.0208333333333
2511 Parker St,1688.9375
2515 Parker St,1688.9375
2519 Parker St,1372.857142857143
2529 Dana St,1650.0
2541 Regent St,1631.6666666666667
2615 Parker St,1268.3333333333333
2623 Parker St,1450.0
2555 Benvenue Ave,1897.5
2537 Regent St,1579.909090909091
2550 College Ave,1648.6
2601 Etna St,1567.9166666666665
2531 Regent St,1167.0
2535 Regent St,1786.5
2530 Hillegass Ave,1596.4431818181818
2535 Hillegass Ave,1745.0
2534 Benvenue Ave,1431.4583333333333
2540 College Ave,1262.0526315789473
2727 Parker St,1966.6666666666667
2417 Blake St,1215.5
2423 Blake St,1318.333333333333
2520 Regent St,1542.5
2525 Regent St,973.0
2531 Benvenue Ave,675.3846153846154
2537 Benvenue Ave,1278.375
2536 College Ave,1799.2708333333333
2535 College Ave,1686.40625
2539 College Ave,1686.40625
2536 Piedmont Ave,1725.0
2803 Parker St,2208.0
2546 Warring St,1499.6666666666667
2509 Dana St,940.6666666666666
2414 Dwight Way,916.4545454545455
2550 Telegraph Ave,1294.1363636363637
2521 Regent St,1354.357142857143
2520 Hillegass Ave,1419.4931972789113
2524 Benvenue Ave,1402.5833333333333
2529 Benvenue Ave,1174.1666666666667
2532 College Ave,1208.0
2534 Piedmont Ave,1063.2083333333333
2418 Dwight Way,1258.7727272727273
2430 Dwight Way,1294.1363636363637
2517 Telegraph Ave,1269.7222222222222
2515 Regent St,1750.0
2508 Hillegass Ave,1194.462962962963
2525 Benvenue Ave,1481.6666666666667
2520 College Ave,1886.7272727272727
2416 Dwight Way,916.4545454545455
2515 Benvenue Ave,1396.357142857143
2521 College Ave,1605.8461538461538
2518 Etna St,2800.0
2525 Piedmont Ave,1305.857142857143
2439 Dwight Way,1820.0
2449 Dwight Way,1187.6
2532 Dwight Way,971.25
2508 Benvenue Ave,1772.975
2514 College Ave,1250.8333333333333
2519 College Ave,1670.5
2522 Piedmont Ave,1390.625
2516 Piedmont Ave,1842.6666666666667
2521 Piedmont Ave,1578.625
2437 Dwight Way,1820.0
2527 Dwight Way,1300.0
2501 Benvenue Ave,1504.0
2644 Dwight Way,1467.142857142857
2514 Piedmont Ave,1842.6666666666667
2515 Piedmont Ave,1797.4
2513 Telegraph Ave,1344.75
2520 Etna St,1895.0
2510 College Ave,1905.5555555555557
2511 Dwight Way,1300.0
2504 College Ave,1017.0370370370371
2536 Piedmont Crescent,1725.0
2646 Dwight Way,1000.0
2726 Dwight Way,2281.090909090909
2750 Dwight Way,1354.75
2511 Piedmont Ave,1116.5
2513 Piedmont Ave,1116.5
2709 Dwight Way,1313.611111111111
2729 Dwight Way,1348.5263157894738
2737 Dwight Way,2175.0
2741 Dwight Way,1326.95
2435 College Ave,1004.9
2715 Dwight Way,1698.0
2467 Warring St,1581.4615384615386
2903 Dwight Way,1259.5
2435 Haste St,892.8
2708 Haste St,1529.5
2728 Haste St,1159.4347826086957
2442 Piedmont Ave,1319.5666666666666
2461 Warring St,1485.8108108108108
2414 Telegraph Ave,1815.65
2710 Haste St,1557.0
2732 Haste St,1353.7307692307693
2437 Piedmont Ave,1517.0833333333333
2437 Warring St,1545.4
2433 Warring St,1300.0
2421 Prospect St,778.25
2415 College Ave,1671.1333333333334
2721 Haste St,1540.8076923076924
2727 Haste St,2645.3125
2747 Haste St,2428.0833333333335
2430 Prospect St,1738.6666666666667
2417 Prospect St,2385.25
2409 College Ave,1143.9615384615386
2601 Channing Way,1469.8636363636363
2700 Channing Way,1400.0
2724 Channing Way,1583.7307692307693
2728 Channing Way,967.4736842105264
52 Panoramic Way,2500.0
54 Panoramic Way,2800.0
2421 Durant Ave,1303.2
2709 Channing Way,1492.3
2717 Channing Way,1522.578947368421
2815 Channing Way,898.3333333333334
2525 Durant Ave,1749.5
2533 Durant Ave,2281.25
2539 Durant Ave,1740.5357142857142
2336 Piedmont Ave,646.0
2330 Warring St,1190.6666666666667
2901 Channing Way,1177.8
2399 Prospect St,1691.3333333333333
36 Panoramic Way,1150.0
2605 Durant Ave,687.5
2701 Durant Ave,1117.1764705882354
2811 Channing Way,1314.5833333333333
66 Panoramic Way,1319.5
64 Panoramic Way,1636.75
2510 Bancroft Way,2180.7
2639 Durant Ave,1342.857142857143
2636 Warring St,1493.2083333333333
2456 Parker St,1582.0714285714287
2540 Benvenue Ave,2029.0
2545 Benvenue Ave,1430.8
2420 Dwight Way,1613.5714285714287
2541 Piedmont Ave,1619.0
2510 Regent St,1269.7222222222222
2500 Durant Ave,2116.785714285714
2735 Durant Ave,2600.0
2308 Warring St,1648.125
2310 Piedmont Ave,1431.125
2468 Bancroft Way,1672.5
2425 Durant Ave,1303.2
2402 Dana St,1349.1666666666665
2233 Channing Way,1921.5714285714287
1865 Euclid Ave,1768.1
2417 Ellsworth St,1832.0
2320 Le Conte Ave,1671.75
2214 Durant Ave,1487.0
2431 College Ave,1213.5
2517 Regent St,1432.3333333333333
2214 Channing Way,1200.0
2725 Haste St,1540.8076923076924
2418 Atherton St,1381.0
2310 Dwight Way,1880.0
1856 Spruce St,1996.1333333333334
2119 Addison St,1270.8
2124 Kittredge St,744.3333333333334
2532 Regent St,1320.0
1797 Spruce St,2284.0
2412 Fulton St,1751.0
2137 Haste St,1397.5
2547 Le Conte Ave,2035.7857142857142
15 Canyon Rd,891.8333333333333
2426 Fulton St,1361.111111111111
2537 Ellsworth St,1180.0
1717 Euclid Ave,1733.3333333333333
2621 Regent St,1600.0
1757 Oxford St,1687.0
2605 Ellsworth St,981.5
1682 Scenic Ave,1442.2
2125 Delaware St,1442.125
2126 Dwight Way,611.4285714285714
2443 Derby St,4100.0
2704 Virginia St,1325.6666666666665
2536 Fulton St,1693.5
2324 Carleton St,1286.6666666666667
2447 Derby St,1375.0
2420 Hilgard Ave,2000.0
1671 Arch St,1431.7
2024 University Ave,1575.8333333333333
2212 Parker St,1000.0
2646 Hillegass Ave,1484.3333333333333
2329 Derby St,1675.0
1628 Spruce St,742.8
1722 Walnut St,2685.714285714286
2079 Delaware St,1770.2
2604 Fulton St,1116.5
2667 Derby St,1309.5
1631 La Vereda Rd,964.0
2028 Delaware St,1250.625
1641 Walnut St,1100.0
2200 Carleton St,1624.0
2227 Derby St,1597.9
2715 Hillegass Ave,2360.6666666666665
2703 Benvenue Ave,1878.0
2699 Derby St,1251.9444444444446
2717 Derby St,1700.0
76 Arden Rd,1523.0
2471 Cedar St,1522.6666666666667
2627 Fulton St,1816.3333333333333
2401 Ward St,1395.5
2407 Ward St,1866.6666666666667
2411 Ward St,1866.6666666666667
2732 Hillegass Ave,1155.0
2705 Benvenue Ave,1878.0
2642 Derby St,3200.0
1644 Oxford St,1698.75
2713 Ellsworth St,1649.0
2319 Ward St,1950.0
2721 Hillegass Ave,1142.0
2715 Benvenue Ave,1345.0
2708 College Ave,1716.125
2704 College Ave,1431.25
2119 Carleton St,1015.0
2639 Fulton St,1125.0
2703 Forest Ave,875.0
2722 Derby St,1421.0
2638 Fulton St,2106.3333333333335
2203 Derby St,1775.0
2316 Ward St,1150.0
2735 Regent St,1540.3333333333333
2728 Benvenue Ave,1429.625
2718 College Ave,1040.5
2231 Ward St,1198.888888888889
2732 Benvenue Ave,1625.1666666666667
2223 Ward St,824.5
2240 Ward St,1472.0
2525 Stuart St,1699.2857142857142
2745 Hillegass Ave,2272.3333333333335
1526 Arch St,1456.125
2333 Stuart St,2025.0
2615 Stuart St,1825.1666666666667
2737 Benvenue Ave,1706.5
2737 Forest Ave,1497.5
152 Panoramic Way,1218.0
1525 Spruce St,1896.6666666666667
1900 University Ave,1547.25
2805 Telegraph Ave,1266.6666666666667
2801 Telegraph Ave,1266.6666666666667
2740 College Ave,1234.0
2737 Garber St,2596.3333333333335
1921 Haste St,1140.0
2212 Ward St,1507.25
2806 Regent St,1218.0
2803 Hillegass Ave,1500.0
2620 Stuart St,2200.0
2747 College Ave,2412.5
2741 College Ave,1539.8333333333333
1507 Arch St,2893.0
1920 Haste St,1911.5
2818 Telegraph Ave,1369.5
2763 Garber St,1283.3333333333333
340 Panoramic Way,1583.3333333333333
1522 Oxford St,1200.0
2339 Oregon St,2295.0
2817 Telegraph Ave,1484.5
2817 Regent St,1320.0
2703 Stuart St,1878.0
2734 Piedmont Ave,897.0
1514 Oxford St,1358.3333333333333
2021 Carleton St,863.0
2821 Hillegass Ave,1473.4259259259259
2723 Stuart St,1800.0
2730 Garber St,2500.0
1528 Walnut St,1450.0
2206 McKinley Ave,863.0
2818 Benvenue Ave,1184.5
2801 College Ave,1538.375
1503 Oxford St,1525.0
1517 Walnut St,2866.6666666666665
1519 Walnut St,2500.0
1835 University Ave,1657.6666666666667
2124 McKinley Ave,1488.0
2210 McKinley Ave,1450.0
2814 College Ave,1015.0
2745 Stuart St,1993.0
2160 Vine St,1200.0
1514 Walnut St,2645.0
1624 Milvia St,1525.6666666666667
1823 University Ave,1657.6666666666667
1815 Addison St,1392.3333333333333
1819 Addison St,1075.0
2128 Ward St,1475.0
2143 Stuart St,1448.75
2801 Fulton St,1269.0
2243 Oregon St,1295.0
1436 Arch St,1875.0
1433 Spruce St,2095.0
1512 Walnut St,1651.3333333333335
1620 Milvia St,837.5
1820 Berkeley Way,2200.0
1811 Addison St,975.0
1808 Addison St,1421.0
2133 Grant St,1792.625
2215 Grant St,1704.0
2405 McKinley Ave,890.0
2114 Ward St,837.5
2118 Ward St,1550.0
2817 College Ave,1527.25
2815 College Ave,1573.0
2810 Cherry St,1197.5
1432 Arch St,1579.5
1835 Delaware St,1216.5
1832 Delaware St,1600.0
1820 Hearst Ave,2000.0
1810 Berkeley Way,1008.625
1807 Addison St,1555.5555555555557
2115 Grant St,1500.0
2231 Grant St,1738.0
2321 Russell St,1461.8
2335 Russell St,2393.3333333333335
2828 College Ave,2234.3
1401 Hawthorne Terrace,1150.0
1429 Spruce St,1075.0
1836 Francisco St,1929.0
1831 Delaware St,1185.4761904761904
2103 Grant St,1507.3333333333333
2139 Grant St,1792.625
2315 Grant St,1753.0
1937 Carleton St,1475.0
2327 Russell St,898.3333333333334
1403 Hawthorne Terrace,1150.0
1421 Arch St,2400.0
1426 Spruce St,1395.6666666666667
2233 Grant St,1738.0
2319 Grant St,1629.6666666666667
2151 Oregon St,1750.0
2901 Regent St,1167.5
2823 Cherry St,1852.5
1444 Walnut St,1578.7
1626 Bonita Ave,1995.0
1812 Delaware St,1123.0
2120 Grant St,1654.4166666666667
2224 Grant St,1497.0
2116 Stuart St,1555.25
1418 Spruce St,1950.0
1423 Oxford St,1472.0
1822 Francisco St,1236.6851851851852
1817 Delaware St,1100.0
1815 Delaware St,2030.0
1922 Grant St,680.0
1739 Addison St,1358.5
2125 Roosevelt Ave,1400.0
2108 Stuart St,1517.0
2110 Stuart St,1555.25
2149 Oregon St,1750.0
2910 Regent St,789.2407407407408
2733 Russell St,1625.0
2024 Vine St,1425.0
1516 Henry St,1549.8333333333333
1908 Grant St,1407.3333333333333
1743 Berkeley Way,1407.3333333333333
1759 Berkeley Way,1407.3333333333333
1920 Grant St,918.0
2330 Grant St,2350.0
2340 Grant St,1200.0
2421 Grant St,660.0
2244 Russell St,1599.0
2918 Florence St,1375.0
2918 Regent St,789.2407407407408
2916 Hillegass Ave,1666.0
2919 Hillegass Ave,1370.0
1405 Spruce St,820.0
1423 Walnut St,1500.0
2037 Vine St,1218.0
1819 Francisco St,1822.0
1812 Francisco St,888.1666666666667
2127 Roosevelt Ave,1400.0
2425 Grant St,1428.0
2433 Grant St,1635.6666666666667
2813 Shattuck Ave,1015.0
2807 Shattuck Ave,1242.5
2924 Florence St,913.5
2923 Florence St,1447.8333333333333
2722 Russell St,2220.0
1360 Scenic Ave,1900.0
1354 Scenic Ave,1900.0
1421 Walnut St,1430.0
1639 Josephine St,963.3333333333334
1822 Virginia St,1850.0
1733 Grant St,962.8571428571429
1728 Berkeley Way,831.0
2112 Roosevelt Ave,950.375
2132 Roosevelt Ave,888.0
2140 Roosevelt Ave,1620.8
1733 Bancroft Way,1345.0
2313 Roosevelt Ave,1303.25
2319 Roosevelt Ave,2150.0
2435 Grant St,1587.5
2314 Howe St,1979.0
2925 Regent St,1328.0
2727 Ashby Pl,1623.6666666666667
1356 Scenic Ave,1900.0
1442 Henry St,1929.0
2021 Vine St,1700.0
2120 Roosevelt Ave,820.5
2422 Grant St,1033.3333333333335
2911 Deakin St,1222.1666666666667
2525 Ashby Ave,1979.0
2124 Roosevelt Ave,1345.0
2304 Roosevelt Ave,1547.5
2426 Grant St,1066.0
2627 Ashby Ave,1116.5
1930 Vine St,1331.4791666666667
1619 Josephine St,1662.3333333333333
1624 Josephine St,1400.0
1743 Delaware St,1585.25
1722 Hearst Ave,1122.3333333333333
2127 McGee Ave,2400.0
1718 Bancroft Way,1548.0
1830 Parker St,991.6666666666666
2910 Fulton St,1280.8333333333333
2911 Fulton St,1750.0
2915 Fulton St,1235.0
2918 Deakin St,1044.0666666666666
1716 University Ave,1382.1
2013 McGee Ave,913.5
2229 McGee Ave,1724.6666666666667
2310 Roosevelt Ave,1032.5
2738 Milvia St,2015.0
2119 Russell St,925.0
2904 Wheeler St,950.0
2912 Fulton St,984.5
2920 Deakin St,1070.0
2301 Ashby Ave,1066.0
2131 Rose St,1437.0
2117 Rose St,1642.5555555555557
1739 Francisco St,1353.857142857143
1731 Delaware St,1218.0
2009 McGee Ave,1345.0
2025 McGee Ave,863.0
1701 Allston Way,1359.0
2311 McGee Ave,1751.0
1945 Stuart St,2015.0
2012 Stuart St,1116.5
2902 Wheeler St,950.0
2906 Wheeler St,950.0
2921 Fulton St,1600.0
2235 Ashby Ave,1171.6666666666667
2243 Ashby Ave,1015.0
2616 Ashby Ave,2088.0
1315 Spruce St,1559.5
2113 Rose St,2100.0
1604 Josephine St,812.0
1623 Grant St,1193.0
1627 Grant St,1989.0
1727 Delaware St,1812.5
1710 Delaware St,1950.0
1709 University Ave,1016.4
2120 McGee Ave,893.75
1742 Blake St,2095.0
1927 Stuart St,1523.0
2910 Wheeler St,1029.375
1334 Walnut St,1850.0
1421 Milvia St,2237.5
1423 Milvia St,2237.5
1619 Grant St,1523.0
1625 Grant St,1193.0
1716 Francisco St,989.5
2132 McGee Ave,964.3333333333334
2208 McGee Ave,1177.9
1933 Stuart St,923.5
2920 Wheeler St,1200.0
2923 Wheeler St,1950.0
2925 Wheeler St,1194.5
2417 Webster St,2460.0
1371 Shattuck Ave,1443.75
1406 Henry St,2306.5
1422 Milvia St,2200.0
1435 Bonita Ave,927.6111111111112
1737 Virginia St,881.6666666666667
2134 McGee Ave,1190.1666666666667
2418 Roosevelt Ave,1200.0
1741 Parker St,1922.3333333333333
1816 Carleton St,1521.5
1815 Derby St,1958.3333333333333
1936 Stuart St,1380.0
2214 Ashby Ave,1700.0
3001 Deakin St,1205.0
1335 Shattuck Ave,1292.25
1428 Bonita Ave,1903.0
1438 Bonita Ave,1006.5
1521 Josephine St,950.0
1706 Francisco St,913.6666666666666
2215 Jefferson Ave,1250.0
2219 Jefferson Ave,1247.5
1734 Blake St,898.6875
1947 Oregon St,1764.5
2041 Oregon St,1269.0
2155 Ashby Ave,1319.5
2321 Webster St,1168.4
2409 Webster St,1475.0
2612 Webster St,1500.0
1333 Shattuck Ave,1292.25
1337 Shattuck Ave,1292.25
1338 Shattuck Ave,1851.0
1604 Grant St,1171.0
1713 Dwight Way,1156.0
1717 Blake St,915.9444444444445
1736 Parker St,900.0
2917 Shattuck Ave,583.3333333333334
2927 Lorina St,2431.0
2212 Ashby Ave,1700.0
2317 Webster St,1459.0
1329 Henry St,976.1
1742 Cedar St,1573.5
1739 Lincoln St,1299.1666666666667
1638 Hearst Ave,989.9166666666666
1631 Bancroft Way,1400.0
1709 Dwight Way,1513.3333333333333
1708 Dwight Way,1411.3333333333333
1712 Dwight Way,1320.0
1728 Parker St,1750.0
2926 Lorina St,1437.5
3007 Fulton St,2000.0
3012 Deakin St,1849.5
1322 Shattuck Ave,1245.125
2315 Jefferson Ave,1043.1666666666667
1914 Stuart St,1033.3333333333333
3017 Fulton St,1900.0
3018 Deakin St,822.0
3008 Dana St,1091.0
1318 Shattuck Ave,2132.0
1323 Henry St,1250.0
1632 University Ave,1453.05
1617 Addison St,1354.1666666666665
1824 Ward St,1450.0
2111 Ashby Ave,1030.0
2130 Ashby Ave,1421.0
3024 Deakin St,1345.0
2302 Webster St,1900.0
3040 Telegraph Ave,1510.6666666666667
3021 Dana St,903.0
3019 Bateman St,2150.0
2704 Webster St,1319.5
1315 Henry St,2000.0
1509 Grant St,1137.5
1522 Grant St,2100.0
1609 Addison St,1166.125
2428 McGee Ave,1175.0
1711 Parker St,2842.0
1719 Carleton St,1218.0
2912 Newbury St,1330.1666666666667
2110 Ashby Ave,944.0
3018 Fulton St,736.0
3028 Colby St,1112.5
3019 Hillegass Ave,1575.0
3001 College Ave,1422.5
2716 Webster St,1266.25
1327 Milvia St,1512.75
1518 Grant St,1800.0
1602 Edith St,812.0
2409 Jefferson Ave,1523.0
2435 Jefferson Ave,1679.0
2147 Emerson St,812.0
3042 Telegraph Ave,1000.0
3020 Benvenue Ave,1485.0
3020 College Ave,1650.0
1430 Josephine St,1356.2
1635 Francisco St,773.9166666666667
1632 Francisco St,1497.2
1626 Francisco St,1116.5
1614 University Ave,1453.05
2731 Grant St,888.0
2137 Emerson St,710.5
3030 Regent St,1972.2
1929 California St,761.5
2118 California St,550.0
1662 Dwight Way,1102.0
2737 Grant St,1181.5
1942 Russell St,863.0
2910 Adeline St,799.5
2327 Prince St,1091.0
2701 Prince St,2872.5
2912 Claremont Ave,1606.3333333333333
1603 McGee Ave,1250.0
1611 McGee Ave,1475.0
1623 Francisco St,1950.0
1988 California St,1536.111111111111
2144 California St,1192.5
1654 Dwight Way,609.0
1722 Derby St,1400.0
1724 Derby St,1365.0
2736 Grant St,731.6666666666666
1811 Oregon St,1375.0
2914 Adeline St,1393.0
2700 Prince St,2000.0
2924 Claremont Ave,913.5
1216 Spruce St,1333.3333333333333
1908 California St,812.0
1626 Dwight Way,1150.0
1625 Blake St,1559.75
1716 Derby St,863.0
2030 Ashby Ave,1238.857142857143
2034 Ashby Ave,1095.0
3042 Fulton St,1154.5
2901 Claremont Ave,1776.5
1316 Bonita Ave,1450.0
1824 Rose St,1093.6666666666667
2123 Spaulding Ave,875.0
2127 Spaulding Ave,1150.0
2133 Spaulding Ave,1900.6666666666667
1621 Blake St,1561.0
1620 Blake St,1263.0
1809 Oregon St,1375.0
2930 Adeline St,1595.0
2075 Emerson St,1827.0
3021 Shattuck Ave,1319.75
2247 Prince St,1087.1666666666665
2314 Prince St,1250.0
3109 Telegraph Ave,1015.0
3055 Dana St,1400.0
3046 College Ave,1925.0
1936 Berryman St,1841.6666666666667
2225 Spaulding Ave,1270.0
1717 Ward St,972.5
2912 Otis St,1425.0
2923 Otis St,1170.125
1218 Shattuck Ave,1218.0
1240 Milvia St,1332.0
1533 Berkeley Way,609.0
1530 Bancroft Way,1066.0
1622 Parker St,750.0
2711 McGee Ave,850.0
2808 Grant St,800.0
2130 Essex St,1314.0
2230 Prince St,2530.0
3120 Telegraph Ave,2067.75
2703 Woolsey St,1827.0
2829 Prince St,2025.0
1186 Laurel St,761.5
1910 Berryman St,1039.6666666666667
1735 Vine St,1315.0
1524 Berkeley Way,1247.5
2249 Spaulding Ave,2250.0
2301 Spaulding Ave,1066.0
2414 California St,2000.0
1615 Parker St,1757.5
2709 McGee Ave,850.0
1730 Stuart St,1110.0
1736 Stuart St,901.0
2922 Otis St,964.5
2017 Emerson St,1255.0
2131 Prince St,3200.0
2315 Woolsey St,1776.6666666666667
2325 Woolsey St,2067.75
1931 Berryman St,1106.8333333333333
1323 Josephine St,696.5
2118 Spaulding Ave,1033.3333333333333
3112 Deakin St,1533.3333333333333
2307 Woolsey St,1776.6666666666667
3100 College Ave,3198.3333333333335
2700 Woolsey St,1350.0
3000 Claremont Ave,2005.0
1169 Euclid Ave,1776.4444444444443
1915 Berryman St,2228.0
1913 Berryman St,1675.0
1325 Josephine St,696.5
1801 Rose St,1726.0
1740 Buena Ave,1600.0
1738 Buena Ave,1600.0
1519 Hearst Ave,850.8333333333334
2436 California St,1269.0
1615 Carleton St,1057.25
1617 Carleton St,1057.25
3025 Adeline St,1269.0
2301 Woolsey St,1776.6666666666667
2303 Woolsey St,1776.6666666666667
28 Domingo Ave,2650.0
22 Domingo Ave,1998.875
1730 Buena Ave,1600.0
1515 Hearst Ave,837.4
1611 Carleton St,923.5
1613 Carleton St,923.5
1993 Ashby Ave,1929.0
2004 Emerson St,1684.0
2008 Emerson St,1684.0
2030 Essex St,862.0
2034 Essex St,1675.0
3110 College Ave,1809.857142857143
2817 Woolsey St,1750.0
91 Fairlawn Dr,1505.0
1312 Josephine St,1162.5
1320 Josephine St,1600.0
1543 Dwight Way,1472.0
1605 Carleton St,812.0
2308 Woolsey St,1250.0
30 Domingo Ave,1317.0
1509 Hearst Ave,1346.5
2331 Sacramento St,1066.0
2627 California St,609.0
2915 Harper St,761.5
1911 Ashby Ave,1800.0
1939 Ashby Ave,1250.0
3101 Shattuck Ave,1300.0
1225 Bonita Ave,1275.0
1517 Francisco St,1148.75
2424 Spaulding Ave,1736.0
2912 Harper St,914.0
2927 Harper St,1800.0
2134 Woolsey St,1350.0
2140 Woolsey St,1426.6666666666665
3125 College Ave,1464.4
1904 Sacramento St,1539.4
1486 University Ave,1243.0
2124 Sacramento St,1100.0
2405 Sacramento St,1201.3333333333333
1538 Parker St,887.5
2635 California St,875.5
2925 Harper St,1800.0
2929 Harper St,1098.3333333333333
2007 Prince St,2531.6666666666665
3132 College Ave,480.6666666666667
3131 College Ave,2673.0
1421 McGee Ave,1421.0
2120 Sacramento St,1169.1666666666667
1437 Bancroft Way,850.0
1629 Stuart St,1218.0
1631 Stuart St,2233.0
1430 Berkeley Way,1827.0
1472 University Ave,1472.0
1426 Addison St,2197.5
1420 Addison St,1668.2777777777778
1536 Carleton St,913.5
1616 Ward St,1314.0
1829 Ashby Ave,1298.0
3140 College Ave,1799.0
3141 College Ave,600.6666666666667
1430 Hearst Ave,1400.0
1428 Berkeley Way,1827.0
1535 Derby St,1240.0
1609 Stuart St,1213.0
2918 Ellis St,700.0
2925 Ellis St,1223.0
3145 College Ave,2081.0
1137 High Ct,1091.25
1139 Oxford St,1420.0
1428 Hearst Ave,1421.0
1431 Berkeley Way,1000.0
1108 Euclid Ave,2030.0
1420 Acton Crescent,1720.0
1508 Parker St,997.5
1525 Derby St,1590.5
1632 Oregon St,708.0
3151 Eton Ave,2081.0
1441 University Ave,1480.0
1408 Allston Way,660.0
1504 Carleton St,1500.0
1629 Russell St,894.5
1338 Carlotta Ave,2399.5
1540 Ward St,1320.0
1642 Russell St,1218.0
1648 Russell St,1200.0
2159 Acton St,931.5
2305 Acton St,1166.25
2341 Acton St,2150.0
2608 Sacramento St,1175.0
1509 Derby St,1350.0
3005 Ellis St,1175.0
1106 Oxford St,2538.0
2110 Acton St,2036.0
2116 Acton St,1550.0
2309 Acton St,1012.5
1630 Russell St,1410.0
1639 Julia St,1625.0
1525 Stuart St,1337.5
2814 California St,913.6666666666666
2835 California St,1208.0
1611 Russell St,675.0
1635 Julia St,1049.8
3200 College Ave,1015.0
2612 Alcatraz Ave,1015.0
2714 Alcatraz Ave,2330.0
1433 Dwight Way,1050.0
1590 Oregon St,761.5
1640 Julia St,863.0
1393 Berkeley Way,1728.0
1387 Berkeley Way,1827.0
2420 Acton St,1450.0
1429 Dwight Way,1223.0
2875 California St,595.3333333333334
1629 Julia St,778.3333333333334
1634 Julia St,1487.5
1324 Addison St,1306.5
1628 Julia St,1015.0
1817 Prince St,727.3333333333334
1931 Fairview St,1726.0
1501 Stuart St,1853.3333333333333
1511 Stuart St,883.0
1808 Prince St,850.0
3111 Harper St,1300.0
1929 Fairview St,2054.0
1337 University Ave,1423.0
1409 Carleton St,897.5
1541 Russell St,1002.9166666666666
3039 Ellis St,1800.0
1299 Carlotta Ave,1425.0
1612 Hopkins St,675.0
1410 Parker St,2050.0
1437 Ward St,2100.0
1529 Russell St,1434.5666666666666
1640 Ashby Ave,1212.0
1661 Tyler St,863.0
1311 Addison St,507.5
2345 West St,1370.0
1403 Carleton St,1410.5
1619 Hopkins St,1049.388888888889
1347 Hearst Ave,925.0
1525 Russell St,888.0
1527 Russell St,888.0
1628 Ashby Ave,1370.0
1035 Euclid Ave,1017.8333333333334
1535 Julia St,1300.0
1301 Hearst Ave,1129.9166666666665
2235 Bonar St,1125.1666666666665
1643 Prince St,1345.0
3114 Ellis St,1052.0
1816 Woolsey St,1650.0
1015 Euclid Ave,1167.0
1547 Hopkins St,1002.5
1325 Sacramento St,1437.5
2207 Bonar St,709.75
2215 Bonar St,786.5
3120 Ellis St,1350.0
1993 El Dorado Ave,1749.5
1545 Hopkins St,1700.0
1330 Sacramento St,1610.4285714285713
1301 Delaware St,1500.0
2249 Bonar St,1167.875
1329 Parker St,1314.0
1821 Fairview St,2004.5
1918 Harmon St,1523.0
1339 Francisco St,670.0
1806 West St,1710.0
1820 West St,1710.0
1315 Dwight Way,1658.25
1505 Julia St,600.0
1518 Julia St,989.0
1527 Ashby Ave,1597.5
1625 Prince St,949.0
1497 Hopkins St,1433.0
1810 West St,1710.0
1275 University Ave,1487.1818181818182
2130 Bonar St,1385.0
1321 Dwight Way,1658.25
1615 Prince St,1295.0
1632 Prince St,1314.0
1824 Monterey Ave,1218.0
1277 Hearst Ave,1136.25
2110 Bonar St,1609.0
2312 Bonar St,1853.6666666666667
2322 Bonar St,1000.0
1521 Ashby Ave,1549.5
1529 Tyler St,888.0
1600 Tyler St,837.5
3131 King St,710.5
3138 Ellis St,873.75
3140 Ellis St,968.5
1816 Fairview St,989.5
1951 Chestnut St,1228.9285714285713
1955 Chestnut St,1495.375
2314 Bonar St,1853.6666666666667
2320 Bonar St,1000.0
1616 Prince St,1100.0
1627 Woolsey St,1199.6666666666667
1638 Woolsey St,1400.0
1239 Berkeley Way,2150.0
1266 Bancroft Way,1400.0
1236 Dwight Way,875.0
1534 Tyler St,918.4
1603 Prince St,1026.5
1625 Woolsey St,1247.5
3134 King St,1600.0
1859 Alcatraz Ave,1005.0
1302 Albina Ave,1650.0
1380 Hopkins St,1720.0
1350 Rose St,1460.75
2727 Park St,1966.6666666666667
2915 Stanton St,1624.0
1628 Woolsey St,1266.6666666666667
1630 Woolsey St,1573.0
1632 Woolsey St,1025.0
1896 Alcatraz Ave,1031.0
1898 Alcatraz Ave,975.0
1300 Albina Ave,1114.0
1245 Francisco St,1097.5
1233 University Ave,1434.0
2417 Browning St,1500.0
2931 Stanton St,825.0
1624 Woolsey St,863.0
1304 Albina Ave,1500.0
1360 Hopkins St,1690.0
1231 University Ave,1434.0
2334 Browning St,987.6666666666666
1512 Tyler St,520.25
1535 Prince St,1015.0
3102 California St,1532.5
1622 Woolsey St,1585.0
1832 Alcatraz Ave,733.3333333333334
1246 Hearst Ave,2112.0
1244 Hearst Ave,2112.0
1223 University Ave,1583.5
1227 University Ave,1360.0
2236 Browning St,1184.3333333333333
1215 Blake St,837.5
1217 Blake St,837.5
1627 Fairview St,1407.4
1818 Alcatraz Ave,558.5
1830 Alcatraz Ave,733.3333333333334
1339 Rose St,824.8333333333334
1222 Delaware St,1695.6666666666667
1219 University Ave,1574.0
1211 University Ave,1615.3333333333333
1215 University Ave,1500.0
1207 University Ave,1289.0
2915 Dohr St,925.0
1530 Prince St,1624.0
1619 Fairview St,1497.0
1625 Fairview St,1407.4
1626 Fairview St,1888.5
936 Cragmont Ave,1269.0
1350 Acton St,1116.5
1306 Cedar St,1218.0
1203 Allston Way,913.5
2925 Dohr St,609.0
3043 Sacramento St,1361.3333333333333
1611 Fairview St,1272.75
1840 63rd St,1525.0
1842 63rd St,1525.0
1905 Curtis St,1675.0
1919 Curtis St,1706.5
2803 Park St,2208.0
3041 Sacramento St,1361.3333333333333
1507 Prince St,1361.3333333333333
1522 Prince St,1017.5
1603 Fairview St,948.1666666666667
1628 Fairview St,1888.5
1980 Curtis St,1045.0
2238 Curtis St,1400.0
2336 Curtis St,1675.0
2950 Dohr St,650.0
3047 Sacramento St,1361.3333333333333
3049 Sacramento St,1361.3333333333333
3138 California St,1036.4166666666667
1610 Fairview St,566.6666666666666
1642 Harmon St,1060.0
3244 Ellis St,1156.0
1944 Curtis St,1318.0
2210 Curtis St,1510.0
1201 Dwight Way,1675.0
1528 Woolsey St,1206.25
1727 Alcatraz Ave,1156.0
1736 Alcatraz Ave,1032.5
1317 Hopkins St,3200.0
1290 Hopkins St,1109.7777777777778
1930 Curtis St,1022.25
1970 Curtis St,1259.0
1180 University Ave,1865.1
1543 Fairview St,750.0
3205 California St,950.0
1734 Alcatraz Ave,1032.5
1728 Curtis St,1075.0
1176 University Ave,1171.0
1128 Bancroft Way,1073.75
1359 Ashby Ave,1604.5
1620 Harmon St,700.0
1730 Alcatraz Ave,1032.5
1260 Hopkins St,1680.7307692307693
1124 Dwight Way,1243.5
3034 Dohr St,1000.0
1614 Harmon St,907.25
1631 Alcatraz Ave,975.0
2703 Mathews St,1356.0
3051 Dohr St,1269.0
3135 Sacramento St,1250.0
3214 California St,1903.0
1612 Harmon St,1040.5
1623 Alcatraz Ave,1177.357142857143
1141 Hearst Ave,1726.0
1140 Hearst Ave,1883.0
1112 Allston Way,2132.0
1116 Dwight Way,1662.3333333333333
3053 Dohr St,1450.0
1533 Harmon St,834.125
1537 Harmon St,909.2222222222222
1628 Alcatraz Ave,1421.0
1205 Peralta Ave,1150.0
1252 Hopkins St,1370.5
1136 Hearst Ave,1883.0
1111 Allston Way,903.0
2223 San Pablo Ave,710.5
1310 Burnett St,1231.6666666666667
1316 Burnett St,964.5
1327 Ashby Ave,863.0
1525 Harmon St,812.0
1529 Harmon St,911.0
3237 California St,2132.0
1804 62nd St,1865.25
2213 San Pablo Ave,892.5
2371 San Pablo Ave,1775.0
2421 San Pablo Ave,1539.3333333333333
2429 San Pablo Ave,1450.0
2521 San Pablo Ave,1370.0
1534 Harmon St,876.75
1536 Harmon St,1923.0
908 The Alameda,1010.0
1931 San Pablo Ave,1589.5
2427 San Pablo Ave,1450.0
1221 Oregon St,1450.0
2925 Mabel St,1059.4
1322 Ashby Ave,846.0
1515 Harmon St,1650.0
3337 King St,2100.0
3380 Adeline St,1127.5
1120 Hearst Ave,1092.5555555555557
2228 San Pablo Ave,975.0
1314 Ashby Ave,786.5
141 Forest Ln,1117.0
139 Forest Ln,1117.0
2212 San Pablo Ave,1600.0
1039 Channing Way,1750.0
1412 66th St,2250.0
1525 Alcatraz Ave,1160.625
1529 Alcatraz Ave,1544.1666666666667
1626 Cornell Ave,1166.6666666666667
1118 Delaware St,779.8333333333334
1510 Harmon St,1275.0
1517 Alcatraz Ave,650.0
1530 Alcatraz Ave,1775.0
3302 California St,1011.6666666666666
1645 62nd St,710.5
1305 Carrison St,1434.0
1319 Haskell St,1523.0
1643 62nd St,710.5
1420 Neilson St,1975.0
1114 Francisco St,1460.5
2113 10th St,821.75
2449 10th St,1013.75
1528 Alcatraz Ave,1775.0
1110 Francisco St,1249.5
1108 Francisco St,1249.5
1245 Ashby Ave,1050.0
3008 Mabel St,1100.0
1402 Fairview St,825.0
1212 Neilson St,1741.6666666666667
1301 Gilman St,1243.0
2246 10th St,1320.0
2334 10th St,973.5
1247 Ashby Ave,1050.0
1248 Ashby Ave,1218.0
3216 Baker St,942.3333333333334
1611 62nd St,1015.0
2436 10th St,1243.5
1226 Russell St,1320.0
1630 62nd St,1802.0
1925 10th St,1169.25
2010 10th St,1213.0
2313 9th St,913.625
2331 9th St,1472.5
1732 San Pablo Ave,1104.5
2217 9th St,988.1666666666666
2435 9th St,1066.0
1413 Alcatraz Ave,1785.0
1608 62nd St,525.0
1610 62nd St,1174.4166666666667
1639 San Pablo Ave,761.5
1000 Allston Way,1100.0
2822 San Pablo Ave,875.0
1235 Carrison St,457.0
3218 Boise St,740.0
1127 Hopkins St,1857.0
1608 Kains Ave,1015.0
2324 9th St,761.5
2332 9th St,750.0
1225 Ashby Ave,1150.0
1411 Alcatraz Ave,1785.0
1509 Kains Ave,1929.0
1611 San Pablo Ave,1012.5
1731 10th St,2570.0
1029 Delaware St,1750.0
1014 Hearst Ave,840.0
2730 10th St,2030.0
1212 Carrison St,1726.0
3219 Idaho St,670.0
1034 Virginia St,1100.0
1236 Haskell St,913.5
1332 Alcatraz Ave,1750.0
2112 9th St,939.0
2225 8th St,1050.0
2341 8th St,1200.0
2411 8th St,1395.5
1202 Carrison St,1000.8333333333334
1238 Haskell St,954.4285714285714
1726 10th St,867.5
1819 9th St,1200.0
2447 8th St,942.5
1226 Haskell St,950.0
1330 Alcatraz Ave,500.0
1135 Page St,1246.5
1910 9th St,895.0
2337 8th St,1200.0
1008 Grayson St,1200.0
1210 Masonic Ave,1800.0
1229 Evelyn Ave,1387.1666666666667
925 Bancroft Way,1175.0
2314 8th St,850.0
1218 Haskell St,916.0
2430 8th St,600.0
2436 8th St,947.5
1411 Kains Ave,1150.0
1721 9th St,812.0
1810 9th St,1218.0
2434 8th St,1000.0
1732 9th St,783.3333333333334
2335 7th St,1416.0
906 Channing Way,1147.5
2415 7th St,1650.0
2433 7th St,1400.0
2431 7th St,1117.0
995 Virginia St,888.0
2226 7th St,989.5
2328 7th St,1237.8333333333333
839 Channing Way,887.5
2432 7th St,1342.5
914 Delaware St,812.0
834 Bancroft Way,1137.5
1817 7th St,875.0
2417 6th St,1118.75
1638 8th St,1005.6666666666666
838 Hearst Ave,1450.0
1917 6th St,685.0
2100 6th St,1300.0
1313 San Pablo Ave,1097.5
2034 6th St,2284.0
812 Allston Way,1500.0
2036 6th St,676.6666666666666
1433 9th St,1425.0
1728 7th St,1319.6666666666667
1735 6th St,1218.0
1439 8th St,990.0
1112 Harrison St,2000.0
1213 San Pablo Ave,1364.2857142857142
1412 9th St,1135.8333333333333
2410 5th St,1500.0
5 Acacia Ave,1675.0
557 Spruce St,1166.6666666666667
1192 Kains Ave,1117.0
1613 6th St,1620.5
851 Cedar St,700.0
1416 8th St,1100.0
853 Cedar St,700.0
901 Page St,1690.25
